timestamp,emg1,emg2,emg3,emg4,emg5,emg6,emg7,emg8
70578890495,-10,-4,-88,-5,17,7,0,15
70578890495,-41,-6,40,11,12,-22,22,-103
70578891409,32,5,50,2,-14,8,-15,86
70578891409,1,-1,-70,-1,12,14,-6,48
70578892156,-29,-9,7,1,5,-17,11,-83
70578892156,22,-3,54,-1,-15,2,-5,28
70578892962,0,2,-68,0,8,13,-6,42
70578892962,-9,-2,-18,3,0,-11,1,-50
70578897253,-1,-2,70,-7,-20,-14,3,-31
70578897253,25,-1,-45,-10,0,17,-16,81
70578903635,-14,-2,-33,-2,4,-10,4,-34
70578903635,-9,-3,42,0,-2,-14,9,-47
70578911552,20,8,22,-1,-14,14,-9,72
70578911552,-7,2,-48,-4,1,3,-2,13
70578926423,-19,-3,5,0,3,-12,9,-60
70578926423,9,2,38,1,-6,-2,-2,25
70578932918,2,6,-32,-5,-11,9,-5,37
70578932918,-11,-6,-17,-8,-1,-2,4,-25
70578941597,-6,-5,33,-2,-12,-9,3,-21
70578941597,4,-3,-18,-6,-1,6,-12,37
70578956573,-6,-5,-19,-8,1,-2,-1,-8
70578956573,-6,-4,12,3,-5,-10,4,-20
70578963702,5,0,3,-4,-3,7,-8,22
70578963702,-6,0,-17,-4,1,1,0,-2
70579011097,43,4,-7,-6,5,25,-27,111
70579011097,-4,0,-76,-7,1,6,-3,16
70579011908,-42,-8,42,1,3,-25,23,-91
70579011908,32,5,41,-5,-13,6,-12,81
70579012707,-9,0,-65,-3,3,2,0,24
70579012707,-32,-7,6,-1,1,-16,4,-70
70579015144,20,5,50,-1,-20,4,-6,38
70579015144,6,-1,-52,-2,7,9,-10,47
70579024334,-20,-3,-14,-2,3,-11,11,-60
70579024334,3,1,72,2,-11,-11,6,-23
70579031635,16,1,-39,-6,8,18,-18,71
70579031635,-13,-1,-30,-7,-5,-8,0,-25
70579038449,-22,-6,44,6,-1,-14,14,-58
70579038449,20,-1,12,0,-1,13,-11,67
70579060875,2,-2,-48,-8,1,4,-2,25
70579060875,-23,-1,9,-1,-3,-11,6,-52
70579061569,1,-6,37,-4,-12,2,0,17
70579061569,-1,1,-25,-14,-14,6,-4,42
70579069299,-11,2,-21,-1,0,-6,-3,-22
70579069299,-5,-8,33,-1,-13,-7,6,-19
70579099649,0,0,-13,-4,0,1,-8,24
70579099649,1,-2,-19,-1,-1,-5,-1,-5
70579101275,-5,4,17,2,-8,-5,9,-18
70579101275,4,-1,0,-1,0,7,-8,23
70579102038,-5,-1,-17,3,5,-2,-3,-2
70579102038,-12,-6,5,-2,2,-1,9,-14
70579112689,7,-1,8,-2,-5,-1,-10,22
70579112689,-8,1,-23,1,12,4,2,9
70579120179,-12,-9,-6,-5,-2,-8,-2,-16
70579120179,0,-1,17,0,2,-2,-1,6
70579129117,-1,1,-16,1,14,6,-10,15
70579129117,-7,-8,-13,2,1,0,-2,-9
70579143468,-1,2,17,4,-3,-2,3,-8
70579143468,3,-2,-13,-2,-4,1,-8,20
70579150264,-2,-3,-12,-2,-1,1,7,0
70579150264,-10,0,4,-6,-7,-5,0,-11
70579165933,4,2,8,-4,-6,0,-7,15
70579165933,-10,-3,-10,-6,-4,-5,-1,0
70579172653,-5,-2,1,3,3,1,-2,-6
70579172653,3,0,8,5,7,-1,1,9
70579180184,-11,2,-15,-4,-2,5,2,4
70579180184,-7,-2,-4,-5,4,0,-3,-4
70579195213,5,5,15,2,-1,-4,0,2
70579195213,-5,-6,-8,-3,1,2,-4,7
70579203409,-8,-3,-4,-4,-7,-1,0,-11
70579203409,0,6,5,0,-4,-3,-5,0
70579210146,-7,0,-6,-3,1,1,-1,13
70579210146,-10,-3,-14,-10,-9,-2,4,-9
70579217650,-3,-4,8,-2,-5,-6,-3,-1
70579217650,-2,-5,1,-1,-1,2,-4,17
70579234119,-11,-12,-8,-3,-1,-1,1,1
70579234119,-5,3,0,2,-5,-5,-7,-4
70579240206,2,3,8,-4,-5,-6,1,2
70579240206,-3,0,-16,3,1,-2,0,4
70579249122,-9,-11,-9,-6,-3,-5,-1,-9
70579249122,-7,-7,14,-4,-6,-4,4,0
70579263467,-6,-3,-7,-4,0,2,-4,14
70579263467,-3,3,-1,1,0,-4,0,-8
70579270260,-3,-5,1,1,-1,-4,-5,-2
70579270260,-2,-3,0,0,1,3,-2,14
70579277761,-3,-2,-11,-2,-6,0,2,0
70579277761,-1,-6,8,-2,0,-4,-1,-4
70579292744,-7,-2,3,1,1,-1,-3,4
70579292744,-1,-5,-16,-4,2,1,-5,0
70579300161,-4,-2,1,-4,1,-6,-2,-10
70579300161,-4,-5,6,-3,-9,1,-1,1
70579315191,-2,2,-10,-1,-2,4,0,9
70579315191,-6,-1,-5,0,-2,-6,3,-12
70579323470,-8,0,4,1,-8,-4,1,-3
70579323470,2,0,-5,6,2,3,1,16
70579338289,-11,-2,-14,-8,-10,-2,-1,-2
70579338289,-7,2,2,-3,1,1,-1,-2
70579339134,4,2,2,-7,-4,-3,-2,5
70579339134,-1,0,-13,-5,-2,0,1,-1
70579352651,-4,-7,-1,-11,-7,-2,2,-6
70579352651,1,4,8,4,0,0,4,2
70579360247,-4,-3,-10,5,5,1,0,9
70579360247,-9,0,-9,-5,-2,0,1,-10
70579375253,-11,-6,-2,-3,-1,-4,-1,-4
70579375253,-1,-3,-5,-1,3,1,-1,13
70579383503,-12,-5,-9,-4,5,5,0,-2
70579383503,0,-4,1,-1,-3,-4,-1,-5
70579390138,-2,0,3,-2,-7,-1,1,11
70579390138,-8,-4,-11,-8,-6,2,0,-1
70579397753,-6,-6,-3,3,-3,4,0,-5
70579397753,0,1,12,2,-1,-1,-2,2
70579412778,-1,2,-8,-3,-3,0,-5,10
70579412778,-6,-2,-5,-2,-1,-3,4,-10
70579420257,-1,4,6,-4,-9,-4,-1,-3
70579420257,-4,-6,-5,-7,-5,2,-7,11
70579435274,-14,-5,-13,-7,-7,-3,-2,-11
70579435274,-4,-1,1,-3,-4,-2,-2,-1
70579443413,-8,-9,2,4,6,4,-3,13
70579443413,-4,0,-13,-5,-2,-1,2,-1
70579450216,-5,-2,1,-3,-3,-3,-4,-8
70579450216,-7,-2,8,-4,-4,-2,-4,2
70579457719,-3,-3,-11,-13,-13,2,-2,9
70579457719,-4,0,-3,-4,-2,-5,-2,-7
70579472635,-9,-8,1,0,2,1,-2,-4
70579472635,1,-2,-7,0,1,0,-5,11
70579480188,-3,1,-9,-1,0,-7,3,-6
70579480188,-14,-5,1,-5,2,-7,-5,-2
70579495225,7,-2,0,1,0,-8,2,12
70579495225,-3,-3,-12,-3,0,1,1,-2
70579503383,-6,-2,-1,-4,0,-6,-2,-7
70579503383,-2,-2,10,-1,-2,1,-1,2
70579510263,-1,-2,-13,-2,3,3,-4,14
70579510263,-9,-6,-7,1,-1,-5,4,-7
70579517746,0,2,5,2,0,-2,0,-2
70579517746,-4,-4,-10,4,6,7,1,13
70579532748,-2,-2,-11,-1,-2,-3,3,-2
70579532748,4,5,1,-1,-3,-3,3,-3
70579540267,3,1,1,-3,-2,5,-4,8
70579540267,-4,3,-19,-5,0,0,-5,-4
70579555116,6,2,2,4,8,-1,-3,-7
70579555116,-3,-1,6,0,2,-5,-5,3
70579563350,-1,-2,-12,-2,1,-5,-4,8
70579563350,0,-3,0,2,-4,-3,-4,-4
70579570151,3,1,10,2,-6,-3,2,-2
70579570151,-2,2,-7,-7,-3,5,-5,16
70579577763,-3,-7,-9,-2,-4,-6,2,-4
70579577763,-6,-6,1,3,4,-6,3,-4
70579592742,6,16,-1,0,-11,2,-4,9
70579592742,-4,-1,-19,-1,3,2,4,-3
70579600162,-3,3,0,3,5,-2,-2,-2
70579600162,5,4,10,0,-6,-1,2,5
70579615250,1,-1,-8,1,5,1,0,8
70579615250,-5,3,-2,1,-1,-3,-1,-8
70579623416,-6,3,5,2,-4,-2,2,-1
70579623416,2,0,-7,-2,6,0,-2,16
70579630171,-7,5,-10,-4,-8,3,1,-5
70579630171,-9,-5,4,-7,-7,-10,-6,-8
70579646404,3,-2,-1,2,6,4,-4,14
70579646404,-5,-1,-17,-5,3,-2,0,-4
70579652735,-7,-11,-1,4,6,-1,1,-8
70579652735,2,2,6,1,-5,0,-1,6
70579660208,2,0,-15,-2,-1,0,-7,5
70579660208,-9,-1,-3,-1,-5,-3,1,-10
70579675261,-6,0,8,-5,-2,-2,-2,1
70579675261,1,-4,-7,-5,-1,0,-3,15
70579683383,-13,-1,-10,-3,-7,-1,5,-10
70579683383,-1,-6,4,0,-1,-2,2,-8
70579690271,-3,5,-6,1,6,6,0,10
70579690271,-4,-2,-13,-3,-2,1,2,-4
70579705856,-2,2,7,4,4,-3,-1,-7
70579705856,1,1,6,-2,-2,-5,-1,7
70579712746,-4,-4,-19,-8,0,-2,0,2
70579712746,-5,-4,0,5,0,-2,2,-4
70579720141,-8,-4,3,-3,3,0,-1,0
70579720141,-2,2,-9,-7,-9,4,0,15
70579735247,-7,-6,-10,-1,-4,-2,2,-10
70579735247,-3,-8,0,-7,-4,-5,1,-3
70579743471,2,-3,-5,2,1,2,-4,12
70579743471,-5,-2,-14,-3,-6,3,-2,-4
70579750207,-6,-3,-1,-4,-12,-6,0,-6
70579750207,-2,2,7,2,2,-4,1,5
70579766571,-7,-1,-11,-5,-1,5,-5,-1
70579766571,-4,-1,0,-3,-7,-5,-1,-7
70579772749,-10,-7,8,-3,-8,0,-2,0
70579772749,-1,-4,-9,-6,-6,8,-2,13
70579780207,-2,-5,-10,-2,3,-5,2,-10
70579780207,-11,-5,2,1,6,2,0,-1
70579795226,-8,-2,-4,-7,-3,2,-3,14
70579795226,-3,1,-11,-1,-3,0,-5,-7
70579803376,-8,-1,-2,-6,-4,-9,4,-7
70579803376,1,-5,2,1,1,0,-1,10
70579810207,-6,-3,-17,-1,4,5,1,2
70579810207,-6,-6,3,2,5,-2,0,-9
70579825933,-4,0,8,-2,0,-2,1,0
70579825933,-3,-3,-9,0,0,3,-4,11
70579832649,-9,-7,-2,0,4,-5,1,-15
70579832649,-4,0,1,0,-2,-1,0,-2
70579840241,5,0,-5,-4,-6,6,-2,15
70579840241,-7,1,-14,-3,5,-2,-1,-10
70579855216,-9,-6,2,-3,0,-2,-3,1
70579855216,-3,-1,0,-3,6,3,-3,4
70579863494,-4,-2,-18,-2,-3,-3,0,0
70579863494,-3,-2,1,0,-2,2,0,-8
70579870174,-4,-4,6,-6,-3,-2,-3,1
70579870174,-1,-2,-9,-1,3,3,-4,6
70579885896,-8,0,-4,-1,-1,-8,0,-10
70579885896,-3,4,9,1,-3,-2,3,-2
70579892784,4,0,-6,-8,2,-2,-9,12
70579892784,-8,1,-13,-5,-5,-9,-4,-8
70579900238,-4,-2,1,-2,-4,1,-1,-7
70579900238,-5,-4,0,-1,-1,0,-4,8
70579915260,1,-5,-15,0,8,-1,-3,-2
70579915260,-2,-3,3,-1,-5,1,1,-5
70579923390,1,-1,10,-1,-2,0,1,1
70579923390,-1,3,-15,-9,-9,-1,-7,6
70579930261,-6,-3,-4,2,2,-2,-2,-9
70579930261,-6,-3,4,-1,-2,-5,-3,-3
70579945888,2,1,-6,1,0,-5,-8,7
70579945888,-10,-5,-6,1,9,0,3,-8
70579952689,-4,4,4,2,-2,-3,2,-4
70579952689,3,5,1,1,0,-1,-4,6
70579960190,-2,-6,-13,-7,-1,2,0,-1
70579960190,-2,2,1,1,-6,-5,1,-6
70579975208,4,-2,5,5,9,-5,1,0
70579975208,-1,-3,-10,-4,-5,3,-5,11
70579983447,-2,-5,-2,1,-1,-7,-1,-5
70579983447,-5,-1,2,-1,4,-5,-3,-7
70579997785,6,3,-8,-2,-7,1,-3,11
70579997785,-11,-8,-7,1,8,-3,0,-9
70580005854,3,5,4,6,11,2,2,-5
70580005854,1,-1,0,0,3,1,-2,9
70580020861,1,2,-13,0,1,-4,-4,-4
70580020861,-3,-1,5,-3,-3,-9,0,-5
70580021673,5,-1,9,2,-4,-1,2,3
70580021673,2,-2,-10,-1,-3,2,-5,6
70580035232,-4,0,-1,0,-5,1,4,-10
70580035232,-4,3,6,2,0,2,1,-6
70580043830,3,4,-5,4,1,6,-4,13
70580043830,-2,-4,-7,-1,-2,-4,-1,-9
70580057814,0,-4,2,-1,-5,-6,-2,-6
70580057814,1,0,-3,-3,-2,-3,-6,8
70580065919,2,-2,-14,-3,-2,2,-1,-2
70580065919,-6,-2,2,1,1,-3,-1,-8
70580080923,1,-2,3,2,1,-5,-3,3
70580080923,-3,0,-14,-2,-6,5,-2,9
70580081706,-4,-6,0,-2,3,-7,1,-6
70580081706,-1,1,6,1,-3,-1,3,-4
70580095195,-6,-6,-5,-12,-9,3,-2,8
70580095195,-6,-6,-6,-3,-1,-5,4,-7
70580103360,-5,-3,7,-5,-2,-3,-4,-10
70580103360,-2,-4,-3,-2,0,0,-1,10
70580117795,-4,-7,-12,-4,1,-3,0,-1
70580117795,-1,3,3,-3,-2,-5,4,-7
70580125896,-3,-3,4,-4,-6,-4,-1,5
70580125896,2,0,-14,3,8,2,-7,8
70580140839,-9,1,1,-2,5,-3,-3,-5
70580140839,-4,-7,6,-4,1,2,-2,-5
70580141635,4,-2,-8,0,-6,1,-9,11
70580141635,-5,-2,1,-2,-5,-2,5,-5
70580155295,-8,4,7,-3,2,-3,-2,-8
70580155295,6,4,-1,-1,-3,3,-1,9
70580163446,-4,0,-10,-2,8,-2,-4,-2
70580163446,-8,-5,3,-4,-11,-5,5,-2
70580177742,1,-4,1,2,-6,3,4,5
70580177742,-6,-1,-9,-1,-2,-1,-3,8
70580185888,-9,-3,5,-8,-8,-3,5,-5
70580185888,-4,-3,2,-3,-6,-4,-1,-6
70580200923,-4,0,-9,2,1,6,-2,16
70580200923,-8,-1,3,2,2,0,2,-6
70580201625,-9,2,2,3,-2,-2,1,-8
70580201625,-6,-5,-4,-7,-7,5,-5,11
70580215286,-10,11,-3,3,6,7,-4,-2
70580215286,-5,-4,-3,-4,-4,-1,-4,-1
70580223459,0,-8,0,-5,-10,-4,-1,4
70580223459,-11,-3,-13,-11,-3,3,-6,5
70580237764,-3,-5,4,-2,-7,-2,-1,-3
70580237764,-4,-1,2,-1,-6,-8,1,-3
70580245978,2,-5,-6,-5,-1,5,-9,9
70580245978,1,0,-3,-5,-7,1,-4,-5
70580260857,-10,-2,-3,-6,-5,-6,3,-10
70580260857,0,1,-3,0,-4,-2,-5,6
70580261693,-4,1,-9,-3,-5,-2,3,-6
70580261693,-4,-2,-1,3,2,-4,5,-7
70580275196,-4,-6,2,-1,-6,-3,-3,2
70580275196,-2,-3,-7,-4,1,5,-5,2
70580283428,-4,5,2,-1,-5,0,-4,-2
70580283428,-11,-4,1,0,-2,-1,2,-3
70580297696,-4,-4,-5,-8,-11,-1,-5,11
70580297696,-7,-8,-5,-3,2,-3,4,-2
70580305899,-7,-1,1,-2,-2,-8,2,-5
70580305899,1,-1,3,3,2,-1,-5,11
70580320832,-1,3,-3,2,1,2,2,-2
70580320832,2,1,-1,2,-3,-2,-3,-7
70580321619,-3,1,0,1,-1,-1,-1,5
70580321619,-4,0,-7,-5,2,3,-8,2
70580335217,-11,-6,-1,-7,-9,-1,4,-3
70580335217,-5,0,-2,-8,-4,-6,0,-2
70580343422,2,-4,-4,0,4,7,-7,16
70580343422,-6,2,-5,2,-1,4,1,-4
70580357693,-6,-3,2,-2,3,-6,-4,-4
70580357693,0,-4,-2,2,6,3,-2,10
70580365934,0,-5,-6,-2,-2,2,-1,-7
70580365934,1,0,0,-4,-1,0,1,-4
70580389028,7,-4,7,2,-7,-2,1,7
70580389028,-4,-6,-6,-2,-4,8,0,4
70580389795,-6,-1,-4,2,0,-2,2,-4
70580389795,-1,1,12,3,3,-10,-2,-2
70580395255,1,-4,-11,-4,3,8,-1,11
70580395255,-3,0,-8,-3,-2,-6,-4,-5
70580403414,-1,-3,5,0,2,-3,1,-4
70580403414,5,-1,0,-1,-3,3,-4,10
70580417732,-7,-1,-13,3,9,3,-2,-5
70580417732,0,-1,4,3,-2,0,0,-4
70580425860,-1,-3,5,2,2,2,-1,7
70580425860,-4,-6,-15,-7,-3,-4,-6,0
70580440872,-3,-5,-4,4,0,-2,4,-7
70580440872,-9,-4,14,-4,-2,-5,0,-1
70580441628,4,-3,-9,-6,-9,2,0,9
70580441628,-1,-3,-7,1,1,-4,7,-7
70580455212,-9,-4,4,-2,-5,-5,-5,-5
70580455212,2,-1,-3,4,7,5,0,10
70580463379,-6,1,-14,1,-2,1,-1,-5
70580463379,-2,-3,0,-2,-5,-4,0,-4
70580487032,12,2,12,-7,-9,-4,-1,8
70580487032,-3,-2,-13,-6,-13,1,-2,0
70580487806,-4,-3,1,-4,-8,-6,0,-5
70580487806,3,1,7,2,1,-3,0,0
70580500862,1,1,-11,1,1,1,-6,9
70580500862,-9,0,-9,-2,5,-4,4,-5
70580501630,0,-5,8,-6,-4,-6,0,-6
70580501630,-1,-1,-4,-2,-3,1,-4,10
70580515195,-8,-5,-18,-1,0,-5,-1,0
70580515195,1,-2,3,-2,-3,-6,-2,-7
70580523424,-6,-4,4,-5,-5,3,1,6
70580523424,0,0,-15,-7,-5,1,-2,0
70580537678,0,2,-1,-2,-7,-3,2,-8
70580537678,-3,-2,7,0,2,-4,-2,2
70580545923,-6,4,-14,3,7,6,-2,15
70580545923,-6,0,-5,-5,-7,-4,1,0
70580560652,-9,-4,6,0,1,-3,1,-10
70580560652,0,0,-7,-2,2,6,-3,14
70580568373,1,-1,-10,-5,-6,-3,2,-6
70580568373,-10,-4,6,3,2,-3,1,-5
70580575195,2,2,6,2,-4,-5,-8,7
70580575195,-4,-1,-13,-3,-1,-3,0,0
70580583438,-6,-3,-3,-2,-3,-6,-6,-2
70580583438,-2,-2,11,-3,-9,-1,-1,3
70580597920,-1,3,-11,-6,-2,3,-3,11
70580597920,-5,-4,-10,0,-2,-4,-1,-2
70580605930,-6,-4,3,-2,-1,-6,-4,-7
70580605930,2,1,-8,0,-5,3,2,8
70580620263,-8,0,-9,-3,0,-1,2,-3
70580620263,-6,-3,1,-3,-5,-4,1,-5
70580629168,0,4,2,-4,-6,5,0,3
70580629168,-6,-3,-15,1,4,-5,0,-2
70580635277,-9,-5,-3,-3,-3,-5,1,-8
70580635277,3,-4,6,-3,-5,0,-2,3
70580644168,-1,-4,-13,-5,-6,3,2,12
70580644168,-10,-2,-7,-5,-7,-2,-3,-8
70580657730,-3,-4,9,-4,-6,-1,3,0
70580657730,1,1,-6,-2,0,1,-3,13
70580666727,-6,-2,-11,1,3,-6,-1,-6
70580666727,-7,-5,5,-2,-5,-3,0,-6
70580680244,1,3,-2,-2,-6,2,-5,10
70580680244,-11,-3,-19,-3,3,0,0,-2
70580689181,-3,-3,-2,-3,-5,-4,1,0
70580689181,0,0,2,-4,-6,0,-6,5
70580704024,-5,1,-12,1,2,-1,1,10
70580704024,-5,-1,0,-4,-6,-4,0,-4
70580705644,-10,-1,12,-1,0,-4,1,-1
70580705644,3,0,-8,-2,0,8,1,16
70580717703,-5,-8,-11,-5,-3,0,2,-9
70580717703,-4,3,5,4,0,-4,-3,-8
70580726714,3,-3,-3,2,5,1,-5,7
70580726714,-11,-3,-14,-5,1,0,5,-2
70580740195,-5,-3,3,4,11,-1,-2,-8
70580740195,-2,-4,9,-4,-5,2,-2,5
70580756684,-1,1,-15,-3,0,5,-2,8
70580756684,-2,-3,-3,1,5,-3,0,-5
70580764079,-4,0,5,1,-3,1,2,0
70580764079,6,-1,-8,0,0,8,-1,15
70580765674,-4,-6,-7,1,2,-1,2,-8
70580765674,-5,-1,8,1,-7,-4,-5,-6
70580777748,0,-5,-5,-7,-6,3,-5,11
70580777748,-3,-1,-13,-3,-3,-2,-3,-2
70580786696,1,1,5,0,1,-4,-2,-3
70580786696,2,-3,5,-3,-7,3,-3,5
70580800241,3,-2,-13,3,12,4,2,6
70580800241,-5,1,-3,0,4,1,2,-6
70580809176,1,0,8,0,-9,1,0,-2
70580809176,2,6,-6,-8,-12,3,-3,12
70580824049,-5,-2,-9,-2,-4,-6,3,-3
70580824049,-5,-8,4,1,6,-4,0,-6
70580825621,5,4,-4,4,-1,6,-2,10
70580825621,-7,-2,-11,1,6,-4,2,-2
70580837701,1,2,0,1,-4,-6,-2,-9
70580837701,4,5,6,1,1,-5,-3,5
70580846747,-11,-3,-18,-3,4,4,-3,4
70580846747,-2,-4,-3,-4,1,-6,0,-4
70580860305,-1,1,10,-1,1,1,-3,-2
70580860305,1,-4,-7,0,-6,6,2,9
70580869281,-6,0,-4,-1,4,-5,3,-4
70580869281,-1,-6,5,-3,-1,-2,-3,-5
70580884084,5,1,-2,-1,-6,0,-3,11
70580884084,-6,-2,-9,-1,5,-2,1,-1
70580885688,-6,0,1,2,4,-4,-3,-5
70580885688,4,2,3,4,1,0,-3,1
70580897770,-3,1,-15,-3,3,1,2,5
70580897770,-3,1,0,-1,-9,-5,-5,-7
70580906699,1,2,7,-1,-4,0,-4,-3
70580906699,3,2,-13,-1,7,1,0,17
70580920251,-10,-6,-8,-3,-5,-2,-2,-6
70580920251,-3,0,10,3,0,0,1,-4
70580929203,-1,-1,-5,-1,-1,0,-1,16
70580929203,-9,-4,-11,2,5,3,2,-2
70580944081,-5,0,3,0,0,-3,1,-6
70580944081,-1,-2,3,-1,2,1,-3,6
70580945627,1,-5,-17,1,-2,1,1,2
70580945627,-8,-2,0,-3,4,-6,-1,0
70580957744,-6,-5,6,-1,-1,1,1,1
70580957744,-1,-3,-9,-4,3,5,-8,17
70580966745,-2,-1,-4,0,-1,-5,-1,-5
70580966745,-10,-4,3,-6,-6,-4,-1,-5
70580980223,3,0,-4,-3,-10,1,-4,12
70580980223,-11,-4,-17,-2,-2,-1,1,-7
70580989238,-7,0,5,1,0,-2,-3,-7
70580989238,11,5,5,3,-8,1,-1,6
70581004103,-3,-1,-13,-3,-6,2,-7,3
70581004103,-7,1,2,-2,-7,-3,2,-5
70581005689,-4,0,12,-5,-7,-9,-4,2
70581005689,1,2,-13,1,-2,5,-4,11
70581017756,-9,-4,-6,2,6,-6,2,-1
70581017756,-6,-8,-2,-4,2,-7,1,-7
70581032698,1,-1,-7,-3,-2,4,0,11
70581032698,-7,-1,-10,4,9,-2,-1,-3
70581040202,-3,-1,0,1,3,1,-2,-5
70581040202,2,-1,0,-5,-5,-2,-2,8
70581049249,-7,-2,-19,-4,-1,4,-3,2
70581049249,-7,-7,-2,-3,2,-1,0,-7
70581064086,-8,-8,6,-2,2,-5,-2,3
70581064086,-2,-2,-9,0,-11,6,-3,17
70581065762,2,-2,-12,6,0,-5,5,-1
70581065762,-9,-7,0,-1,5,-2,-3,-8
70581077769,1,-2,-5,-1,6,4,1,14
70581077769,-2,-1,-14,-3,1,-2,1,-1
70581086701,-5,-4,8,0,1,0,1,-8
70581086701,1,1,2,-1,-7,2,-1,10
70581100233,1,-3,-14,-5,-2,0,-4,0
70581100233,-3,-2,-5,3,9,2,-2,-8
70581109219,-7,-4,6,-3,-6,1,-2,3
70581109219,1,2,-12,0,-1,4,-4,11
70581124061,-4,-2,0,1,-3,-5,-4,0
70581124061,-4,-1,7,1,-2,1,1,-5
70581125701,3,0,-8,-1,8,3,-4,12
70581125701,-7,-3,-7,-1,-7,-3,4,3
70581137718,-3,0,5,-3,-6,-3,-1,-9
70581137718,3,3,0,-2,-2,-1,-6,9
70581146781,-6,-5,-19,-4,5,-1,0,1
70581146781,-6,0,3,-1,3,0,0,-5
70581160210,0,-4,6,-3,-4,-3,-1,3
70581160210,3,1,-12,0,3,3,-1,13
70581169228,-2,0,-2,-5,-14,-5,-2,-4
70581169228,6,2,4,-3,-4,-5,-3,-3
70581184065,1,4,-9,-2,0,-1,0,16
70581184065,-10,2,-8,-2,3,1,1,-1
70581185694,-6,3,1,0,2,-4,-4,-3
70581185694,3,4,-2,3,5,4,-2,9
70581197813,-8,4,-17,-2,4,-1,1,-1
70581197813,-1,1,-1,0,-5,-9,2,-5
70581206725,-3,-3,8,-4,-10,1,6,3
70581206725,-2,-1,-14,-4,-7,0,-1,13
70581220780,-2,0,1,0,-1,-1,0,-7
70581220780,-4,-2,13,-3,-7,-2,-1,-2
70581229192,3,3,-5,-3,-8,4,-1,19
70581229192,-2,-4,-10,-2,-3,-6,3,-2
70581244069,-6,-4,1,3,5,-1,-1,-7
70581244069,-1,1,-4,0,1,-2,-1,12
70581245720,-2,-2,-17,-3,2,2,3,-2
70581245720,-5,1,0,1,-1,-3,-2,-9
70581257742,-3,-4,5,-3,-8,1,2,6
70581257742,2,-1,-18,0,2,6,2,8
70581266787,-6,1,-7,4,12,-2,0,-2
70581266787,-11,-11,5,-5,-11,-2,0,-1
70581280276,7,0,-7,1,-2,5,-4,20
70581280276,-4,-7,-14,-4,-2,-6,-4,0
70581289216,-3,-3,4,-5,-10,-8,-3,-9
70581289216,-3,0,-5,-4,1,3,-2,10
70581304088,-11,3,-18,0,3,2,2,0
70581304088,-5,-2,2,0,4,-5,1,-4
70581305676,0,2,6,4,2,4,-2,5
70581305676,-7,-1,-23,-5,-2,5,-6,8
70581317858,-8,1,-4,-6,-11,0,0,-7
70581317858,-8,-2,4,-6,-6,-5,-1,-2
70581326751,2,0,-7,-2,-2,0,0,16
70581326751,-11,0,-6,-6,-5,-2,4,-1
70581340287,-5,-8,4,-7,-4,-3,-1,-2
70581340287,1,2,-5,2,-5,7,1,10
70581349202,-7,3,-15,-4,-1,0,2,-2
70581349202,-9,-3,-3,-1,2,-4,2,-5
70581364105,1,-5,-1,0,-5,-4,0,7
70581364105,-5,0,-17,-3,1,0,-1,7
70581365669,-8,-14,0,-7,-8,-3,0,0
70581365669,-4,-2,8,-1,-4,-2,-2,1
70581377779,-3,-4,-11,-9,-4,3,-1,13
70581377779,-4,-2,-4,-6,-7,-4,-4,-7
70581386733,-4,-4,1,0,-1,-5,3,-3
70581386733,-1,-2,-4,-4,-8,2,-5,13
70581400344,-4,-4,-13,-5,-4,-6,7,-1
70581400344,-1,-5,-3,-3,-6,-3,0,-3
70581409304,3,-1,3,-3,-8,-5,-7,5
70581409304,-2,1,-20,4,2,-3,1,2
70581424159,-11,-4,3,0,-3,-2,-2,-6
70581424159,-5,1,5,0,-4,1,3,1
70581425735,4,-1,-9,1,4,6,-3,11
70581425735,-4,-10,0,-4,1,-7,1,-3
70581437781,-4,-1,3,-2,-4,-1,-3,3
70581437781,2,-1,-5,-1,-1,4,-2,11
70581446731,-4,1,-9,2,5,-3,2,-1
70581446731,-1,0,10,2,3,-5,-2,-6
70581460325,5,2,2,1,-7,5,-4,3
70581460325,-2,-2,-12,0,5,-1,1,2
70581469219,-4,-1,5,1,-3,-3,-3,-3
70581469219,-1,2,6,-1,-4,-1,-3,3
70581484082,-1,1,-16,-1,4,7,4,11
70581484082,-3,-2,-2,2,-1,-1,-3,-3
70581485683,-1,-3,11,-2,-3,-3,2,-2
70581485683,2,2,-4,5,9,4,-5,16
70581497758,-3,6,-7,8,10,-6,-2,0
70581497758,-6,-4,4,-2,-5,0,-5,-4
70581506731,0,1,3,0,-7,0,-2,4
70581506731,-8,-3,-15,-2,-1,1,2,3
70581520267,-1,-1,6,4,-1,-3,1,-6
70581520267,3,0,9,4,1,2,-1,4
70581529263,0,1,-12,-3,4,5,-4,13
70581529263,-1,-1,-1,1,3,-2,-1,0
70581543448,-5,-3,6,1,3,-5,-5,-8
70581543448,2,-2,-4,-6,-8,-3,3,12
70581550241,-4,2,-9,-2,3,-3,-2,-3
70581550241,-5,-2,-3,0,1,-4,-1,-5
70581557762,-1,4,5,-6,-5,-3,-4,6
70581557762,-1,0,-18,-2,-2,-2,2,3
70581566750,-3,0,-3,0,-3,0,-4,-5
70581566750,2,2,11,-3,-8,-2,0,3
70581589191,3,-3,-8,2,6,8,-2,25
70581589191,0,-5,-8,4,9,1,0,-2
70581590730,-6,0,3,-1,4,-5,-2,-8
70581590730,12,1,-7,8,16,7,0,18
70581603489,-7,-3,-18,-7,-5,-1,1,1
70581603489,-5,2,3,0,3,-4,-3,-10
70581610308,-1,-1,-1,-1,-6,3,1,10
70581610308,4,3,-8,3,6,4,-2,0
70581626622,-9,-4,-3,-4,-7,-6,-2,-5
70581626622,-3,-1,11,-4,1,-5,-3,7
70581628171,2,-2,-17,-5,-7,4,-1,22
70581628171,-4,-2,-7,-1,-1,-1,1,-8
70581640299,1,0,8,2,1,-5,4,-4
70581640299,2,-6,-6,-3,-6,1,1,14
70581649260,-12,-2,-13,3,6,3,1,0
70581649260,-8,-1,4,-3,-9,-3,-3,-8
70581663506,5,-2,-3,-3,-4,-1,-6,10
70581663506,-7,1,-17,-2,4,3,-3,2
70581670768,-3,-5,-1,1,5,-3,5,-4
70581670768,1,1,6,4,-2,-3,3,5
70581686638,-10,0,-18,-4,4,4,-6,15
70581686638,-7,-1,-3,-1,-3,-1,-1,-4
70581688218,-4,-1,10,4,3,-1,2,-2
70581688218,-6,-3,-9,-6,-3,1,-6,17
70581700276,-6,-2,-10,-1,0,-1,4,-3
70581700276,-1,1,3,-3,0,-1,-4,-8
70581709260,6,0,-1,0,1,1,-7,9
70581709260,-16,-5,-21,-12,-5,-1,-1,0
70581723439,-2,-3,-1,-5,-13,-7,-1,-6
70581723439,-3,0,2,-3,-8,-1,-3,6
70581730294,-5,-3,-18,-6,-10,4,3,14
70581730294,-7,-4,-3,-8,-13,-8,0,-1
70581746618,-8,-5,4,2,4,1,-2,1
70581746618,0,-4,-7,3,0,3,-1,21
70581748201,-3,-3,-7,1,1,-5,0,-2
70581748201,-4,-1,3,-7,-16,0,1,-12
70581760290,-1,-4,-4,-4,-1,8,-2,12
70581760290,-5,-4,-14,-2,2,-1,0,1
70581784144,-3,-4,2,-7,-2,-4,-6,-5
70581784144,-1,-11,2,-2,3,0,-2,6
70581784911,-1,-1,-20,-4,-5,-1,-2,9
70581784911,-6,1,4,0,-6,-2,2,-6
70581790245,-3,-2,5,-1,1,0,0,2
70581790245,-5,-3,-11,-3,7,4,-1,20
70581806651,-11,-5,2,-3,-6,-10,0,-9
70581806651,-6,-2,6,-3,-6,-2,3,-2
70581808266,6,-2,-4,-2,-3,-1,1,12
70581808266,-12,-6,-14,1,5,-4,0,-2
70581820275,-2,2,5,2,8,-5,-3,-6
70581820275,5,-2,3,-2,-7,-3,-1,7
70581829279,-4,-4,-15,-2,3,8,1,4
70581829279,-3,-5,2,-1,5,-10,-3,-1
70581843447,1,1,8,4,7,-1,-1,2
70581843447,-3,0,-16,-5,2,8,1,15
70581850433,-5,3,0,-4,-8,-9,-4,-4
70581850433,-3,1,13,-8,-14,-4,-4,-3
70581874168,1,2,-4,-1,2,7,-2,8
70581874168,5,3,-7,-1,2,-4,-2,1
70581875761,-6,-2,3,-3,-7,-3,-1,-2
70581875761,-1,9,0,4,10,7,-2,6
70581880338,-4,-2,-13,-2,0,2,3,7
70581880338,-7,-2,4,2,5,-6,1,-3
70581889396,-6,1,15,2,5,-5,-2,-1
70581889396,3,10,-10,-2,0,3,1,14
70581903529,-5,-2,2,-5,-8,-7,-1,-2
70581903529,-8,-4,4,0,4,-2,-6,3
70581910260,-4,-3,-6,-2,-2,2,-1,12
70581910260,-2,1,-11,0,-4,0,3,0
70581926678,-4,-2,3,1,2,-2,-2,-2
70581926678,2,3,3,-5,-12,-3,-2,5
70581928284,-6,-6,-18,0,2,2,-4,5
70581928284,-4,-1,8,-3,-6,-10,1,-2
70581940328,0,2,7,-4,-11,-4,2,2
70581940328,3,-7,-16,-2,1,3,-1,21
70581949241,-5,-2,-2,-2,-5,-10,-1,-9
70581949241,0,3,9,3,-6,0,5,-7
70581963547,4,-3,1,-3,-5,1,-2,20
70581963547,-8,-1,-8,-2,1,-5,-1,-2
70581970335,-3,1,6,-2,-1,-4,-1,-6
70581970335,1,-6,1,0,3,5,5,8
70581986701,-6,2,-14,1,2,-11,-4,7
70581986701,-4,1,4,6,3,0,2,-5
70581988192,-2,-1,5,-3,-7,0,1,6
70581988192,-2,-5,-8,-4,-2,-2,-6,21
70582000320,-4,-2,-3,-1,-2,0,-2,-6
70582000320,0,-5,10,2,0,-5,2,-8
70582009264,3,-2,-2,0,0,3,0,18
70582009264,-5,-12,-14,-3,-9,-2,-2,-2
70582024072,-2,0,2,0,3,-2,-1,-7
70582024072,-2,-2,9,-5,-3,2,-1,8
70582030292,-4,1,-19,-3,-6,-3,0,6
70582030292,1,-6,4,3,8,-7,-4,-6
70582046757,-6,-4,6,0,-5,-1,0,5
70582046757,0,0,-12,-1,-2,1,0,15
70582048220,-5,-3,-1,3,6,0,2,2
70582048220,-4,-5,11,-1,5,-7,0,-9
70582060421,1,-4,-6,-3,-2,9,-1,15
70582060421,-7,-2,-11,0,1,-5,-2,1
70582069242,-8,-8,6,-3,1,-1,-3,-5
70582069242,0,-6,2,-3,5,2,-6,7
70582083200,-2,-1,-9,-1,0,1,0,4
70582083200,-5,-2,4,-1,-1,-6,2,-6
70582091804,1,0,2,-11,-9,0,1,4
70582091804,3,5,-11,-3,1,7,0,20
70582106694,-7,-2,-2,0,-2,-3,2,-5
70582106694,-10,-2,9,-1,-9,-5,0,-5
70582108246,-2,-2,-4,0,-5,1,-6,17
70582108246,-13,-1,-10,0,0,-3,-3,-6
70582120359,0,4,6,3,7,2,0,-8
70582120359,5,4,-1,0,2,6,3,12
70582129341,-8,-5,-9,0,1,-10,-1,0
70582129341,-11,-1,5,-2,-5,-3,3,-9
70582143239,-1,2,13,4,4,1,0,5
70582143239,-1,-1,-14,-1,3,2,-2,15
70582151828,-6,0,3,3,5,0,2,-11
70582151828,-6,-5,3,-2,0,1,1,0
70582166704,-1,-6,-8,-7,-6,0,-3,20
70582166704,-13,-5,-6,0,-1,-8,0,-7
70582168297,-7,0,-1,-5,-3,-2,-3,-4
70582168297,0,8,-1,2,3,10,3,14
70582180346,-12,-6,-19,-1,5,-1,0,-1
70582180346,-5,-1,-5,-4,4,-3,-3,-6
70582189301,2,3,8,-3,-3,-3,4,4
70582189301,-8,-1,-16,-1,-1,-4,-6,13
70582203468,-6,-5,-3,0,-3,-10,-1,-6
70582203468,-3,0,11,0,0,0,0,0
70582217792,-2,0,-8,1,1,5,-7,17
70582217792,-3,-1,-4,-4,-11,-4,3,-7
70582226707,-1,-4,0,-5,-5,0,1,-4
70582226707,-1,-1,2,3,1,8,-3,16
70582228242,-11,-7,-10,-1,1,-5,-3,-3
70582228242,-2,-7,2,2,3,-4,0,-10
70582240387,0,1,12,-2,-4,-2,1,4
70582240387,5,1,-15,-5,-8,1,-6,9
70582249220,0,1,-2,-1,-2,-4,0,-12
70582249220,-1,1,9,1,0,-2,-1,2
70582263518,2,3,-5,-1,-1,1,-2,20
70582263518,0,-8,-7,-5,-2,-4,1,-13
70582270354,3,-2,3,-1,5,-1,0,-1
70582270354,-3,-4,0,-2,-10,-1,-1,12
70582286742,-9,3,-10,-1,2,-6,-5,-7
70582286742,-7,1,9,-3,-1,-4,-3,-12
70582288238,3,2,5,0,3,-2,3,5
70582288238,0,-3,-11,5,10,3,-1,7
70582300251,-9,-3,3,-1,0,-1,-1,-12
70582300251,-4,-6,7,-2,3,-3,-2,1
70582309357,1,-1,-9,0,3,6,2,17
70582309357,-2,2,0,-1,-7,-6,-1,-14
70582331619,-1,-8,4,-9,-5,-2,1,-2
70582331619,1,-3,-8,-1,-1,3,4,12
70582333244,-10,-6,-6,-2,-5,-4,1,-6
70582333244,-6,-6,4,-5,-7,-5,-6,-8
70582346666,0,1,8,-3,0,5,-3,4
70582346666,-7,-2,-10,-10,-8,-2,-2,5
70582348239,-10,-2,0,3,2,0,2,-12
70582348239,-7,4,9,-4,-5,3,1,1
70582360327,-5,2,-16,-5,-1,-2,-4,16
70582360327,2,-2,-3,2,-5,-6,-3,-12
70582369361,-5,-4,7,-4,3,-5,-4,-1
70582369361,-2,1,2,1,0,1,-2,10
70582391694,-4,-2,-6,1,-5,-4,1,-10
70582391694,-1,-1,9,0,-2,-1,-4,-6
70582393259,3,2,6,-4,-9,5,1,4
70582393259,-3,2,-15,2,12,-6,-4,2
70582406695,-3,-5,6,-2,2,-5,-1,-12
70582406695,-4,2,8,-1,-1,5,0,3
70582408241,2,0,-16,4,-5,3,-4,15
70582408241,-8,-1,-6,-5,3,-9,1,-25
70582420439,-5,-3,15,3,-2,1,5,-9
70582420439,2,-7,-10,-4,2,3,0,19
70582429374,-3,-4,-16,-5,-2,-7,0,-14
70582429374,-9,3,10,-3,-2,-1,1,-12
70582443563,7,1,2,-1,-4,3,-5,9
70582443563,-5,-5,-18,1,2,-9,-5,1
70582457777,-3,-4,8,3,3,-4,-2,-9
70582457777,1,-3,13,3,-5,1,2,2
70582466675,-2,-1,-18,-1,7,1,-5,16
70582466675,-6,0,-1,-1,-1,-2,4,-12
70582468723,1,0,13,1,-2,5,2,-5
70582468723,7,-6,-2,-6,-9,5,-3,19
70582480306,-11,-2,-16,3,1,-6,1,-8
70582480306,0,-5,4,-2,-5,1,0,-12
70582496823,0,-3,9,-4,3,3,-5,5
70582496823,-6,-5,-16,-2,-7,-1,-10,6
70582511711,-8,-5,-3,-2,-3,-3,5,-8
70582511711,-2,2,13,2,5,-1,-2,-4
70582513242,0,3,-11,-3,-2,2,-3,12
70582513242,-7,-5,-7,-2,6,-2,0,-3
70582525990,-1,1,11,-5,-6,1,2,-5
70582525990,0,2,0,-5,-3,5,-6,9
70582532803,-5,-2,-12,-2,0,-7,5,-1
70582532803,-4,-3,0,-5,-9,-6,3,-10
70582540295,-6,-1,6,-6,-6,-3,-5,6
70582540295,-1,-1,-7,1,0,-2,2,4
70582549337,-12,-7,-1,-3,1,-7,0,-2
70582549337,-2,-5,1,3,3,-6,3,1
70582563525,-3,-4,-12,-4,1,8,0,10
70582563525,-5,-5,-7,-2,-2,-6,2,-4
70582570351,-2,-6,7,-6,-9,-2,3,-9
70582570351,2,0,-1,-5,-2,10,-6,16
70582586066,-8,-3,-10,-4,-1,-3,1,-7
70582586066,-8,-6,5,0,3,-4,-1,-7
70582592818,4,0,7,-1,-3,1,-3,5
70582592818,-5,2,-9,-2,-2,1,-2,3
70582609207,-3,-1,-2,0,2,-1,3,-2
70582609207,-3,0,7,-2,0,-5,0,0
70582610776,5,4,2,1,2,2,-4,11
70582610776,-4,-4,-2,-2,-4,3,3,0
70582623533,-4,-2,3,-3,1,-10,0,-6
70582623533,5,0,-3,1,-3,-3,-5,3
70582630357,-6,-1,-12,1,7,2,3,1
70582630357,-3,-2,-4,-2,0,-3,0,-8
70582646049,2,3,6,1,-2,-6,-2,5
70582646049,-1,-1,-14,-8,-5,3,-2,4
70582652879,-5,0,-3,1,-5,-1,-3,1
70582652879,-4,-5,3,-2,-1,-2,4,2
70582669276,-3,-3,-10,-2,-5,-4,-4,10
70582669276,-7,2,-4,-6,-2,1,2,0
70582670810,-6,0,3,2,-3,-6,-2,-6
70582670810,-1,5,-1,-3,5,4,-1,7
70582683537,-2,-3,0,-1,-7,0,3,-6
70582683537,-3,-2,8,1,-2,-3,1,-5
70582697781,1,3,-2,-3,-5,1,-2,3
70582697781,-5,-2,-13,0,3,-4,-2,-1
70582706014,0,0,-2,-1,-2,-1,-4,-2
70582706014,-4,0,6,-2,1,3,-1,3
70582712763,1,-5,-7,-3,-2,1,0,8
70582712763,-4,-1,2,-1,-2,-4,-2,-5
70582729184,-6,-3,2,0,3,-1,-4,-5
70582729184,-3,-6,-7,-5,-4,2,-6,15
70582730824,-3,-2,-3,-4,-2,-5,1,-4
70582730824,-9,-4,1,1,2,-5,-1,-2
70582743486,6,5,3,0,-1,1,1,10
70582743486,-8,-1,-13,-5,0,-9,3,-3
70582757840,-5,-4,-5,-1,2,-6,-2,-7
70582757840,-2,0,9,4,0,-1,0,4
70582765992,-1,-2,-8,0,0,0,2,13
70582765992,-4,0,-2,0,-1,-4,-5,-2
70582772815,-10,-1,8,-2,-1,-2,-6,-5
70582772815,4,3,-6,-6,-7,-1,0,11
70582789218,-9,-1,-4,-1,-1,2,-4,-2
70582789218,-5,-1,4,-1,3,3,-1,-7
70582790750,4,-1,-3,2,4,3,-3,11
70582790750,-10,-3,-10,-3,-3,-4,-1,-2
70582803530,-6,-1,2,1,-2,-3,-5,-10
70582803530,3,0,8,2,-5,2,-5,4
70582817805,-1,-4,-10,-7,-10,1,5,12
70582817805,-3,-6,-1,1,-2,-2,1,-7
70582826030,-5,-3,3,-1,-3,1,-3,-3
70582826030,6,2,-4,3,-1,4,6,16
70582832784,1,2,-2,3,4,-2,-1,-6
70582832784,-5,1,2,2,1,0,-4,-12
70582849205,-3,-2,-4,-1,1,2,-2,11
70582849205,-10,-7,-12,-1,6,-6,-3,-3
70582850746,-6,-8,-1,-2,2,-2,1,-3
70582850746,-3,-4,5,-7,-6,3,-4,6
70582862831,0,-1,-10,-9,-7,0,1,8
70582862831,-10,-4,0,0,1,-6,-2,-2
70582879393,-8,2,1,-3,-6,-5,-4,-5
70582879393,4,4,-6,-2,-9,0,3,19
70582885988,-7,-1,-2,0,3,-6,-1,-7
70582885988,-5,1,3,-4,-6,-9,-1,-9
70582892833,-1,-4,0,0,-1,4,-4,10
70582892833,-4,0,-6,-2,4,-2,1,-1
70582909228,-11,-1,4,-2,1,-2,0,-10
70582909228,6,3,5,3,-3,-2,-2,5
70582910809,-3,-2,-11,-2,-1,-1,0,7
70582910809,-7,3,-1,-2,3,-6,-4,-4
70582922807,-10,-5,3,-2,-4,0,-6,-2
70582922807,4,-3,-11,-3,0,6,2,13
70582931771,-6,0,-5,-2,-2,-4,0,-2
70582931771,-10,-9,3,3,1,-2,-2,-4
70582945995,5,-4,-3,0,-1,0,2,9
70582945995,-6,-1,-9,0,-2,4,-3,-1
70582953156,0,-1,4,-1,-4,-5,-2,-5
70582953156,2,-2,3,2,1,-3,0,4
70582969173,-4,-8,-17,-4,5,0,6,6
70582969173,-6,-3,-3,-1,2,-4,-6,-3
70582970800,-5,-3,14,-4,-6,-1,-2,-3
70582970800,-4,-7,-7,2,8,6,-2,14
70582982841,-6,-1,-4,2,6,-2,-6,1
70582982841,-1,-3,4,1,4,-3,1,-1
70582991812,2,-6,-7,-5,5,5,-1,9
70582991812,-2,1,-9,1,-5,-3,-7,0
70583014193,1,5,3,0,2,-5,-2,-4
70583014193,-3,-3,7,0,-1,2,-1,2
70583015779,-3,-3,-10,4,9,4,1,5
70583015779,5,5,5,-6,-3,-6,-2,-10
70583029152,-6,-7,8,0,4,1,2,0
70583029152,3,3,-8,-5,-6,3,-3,11
70583030771,-4,2,0,2,0,0,1,-6
70583030771,-1,0,5,4,-1,-5,-1,-4
70583051672,5,1,-2,-1,-1,2,0,17
70583051672,-5,-3,-9,0,1,-3,1,-5
70583053270,-7,0,4,-1,1,-9,0,-7
70583053270,7,2,4,-4,-6,2,1,4
70583066209,1,-4,-9,-5,-5,-1,-2,-1
70583066209,-7,-5,4,0,2,-1,1,-8
70583072822,2,6,7,-7,-15,1,-1,1
70583072822,-1,0,-13,0,1,3,-1,9
70583089194,-5,1,-10,-2,-2,2,-3,-14
70583089194,-9,-3,7,-4,-7,-1,-5,-1
70583090770,2,1,-3,-1,4,1,-1,16
70583090770,-5,-4,-8,-6,-8,-8,1,-9
70583102833,-9,-3,1,-4,-6,-3,-4,-6
70583102833,1,-3,4,2,1,0,-1,9
70583119410,-6,-4,-13,-3,1,-3,-2,-1
70583119410,-9,0,5,-1,-3,2,1,-8
70583126026,0,-4,5,-2,-7,-2,-2,2
70583126026,3,3,-11,-9,-6,-4,0,8
70583132817,-3,0,2,3,-5,-2,-1,-8
70583132817,-2,-2,5,-3,-5,0,0,-1
70583155731,3,5,-2,0,-1,0,0,12
70583155731,-14,-3,-12,-2,0,-2,-5,-10
70583164956,-2,-6,4,-1,-7,-3,-2,-2
70583164956,6,-3,3,-1,1,5,0,9
70583165821,-11,1,-12,-6,-1,0,-1,0
70583165821,-6,-1,-3,-4,-4,-3,-2,-6
70583171785,-1,-2,8,-7,-2,-4,0,-1
70583171785,-4,4,-12,-2,1,2,-1,13
70583186068,-4,0,-7,-6,0,-4,-2,-6
70583186068,-4,-4,2,-1,4,-2,3,-6
70583192805,0,-4,-10,-4,0,5,2,13
70583192805,-6,-7,-13,-6,-7,-2,-3,-7
70583209183,-7,-1,4,0,-7,-3,1,-5
70583209183,0,-2,5,3,-2,6,-2,9
70583210781,1,2,-12,3,3,4,-6,-2
70583210781,-5,-5,-3,2,-2,-8,-2,-4
70583222803,-4,0,13,1,-3,-2,0,3
70583222803,2,1,-10,-2,-3,3,-3,13
70583231777,-5,-2,-8,0,0,-3,5,-6
70583231777,-9,-4,7,-5,1,-5,1,-9
70583246018,2,-3,-8,-2,-7,2,6,13
70583246018,-8,-2,-13,-1,-3,-1,0,-7
70583252794,-4,2,1,3,1,-3,-1,-8
70583252794,0,4,0,-1,5,1,-2,14
70583269167,-2,-4,-21,1,9,-4,-3,-2
70583269167,-7,0,0,-3,-5,-1,2,-3
70583270766,-5,-1,4,-7,-8,-4,-1,4
70583270766,3,-5,-13,-7,-5,3,0,9
70583282862,-8,-5,-2,3,6,4,-5,-10
70583282862,-8,-6,8,2,1,-5,1,-5
70583291797,0,1,-8,-3,4,-1,-4,14
70583291797,-10,0,-11,-4,1,-3,-8,-8
70583306058,-7,-9,1,-1,5,-6,1,-4
70583306058,7,-1,-1,-6,-6,2,5,14
70583312835,-8,-9,-18,-7,-1,0,-3,-4
70583312835,1,-1,-1,2,3,-4,0,-10
70583329194,4,-1,11,5,-7,0,1,5
70583329194,1,2,-20,-7,-1,-1,-2,3
70583330785,-5,-1,-6,-3,-5,-2,0,-6
70583330785,-7,-3,7,-1,-6,2,3,-2
70583342810,3,2,-7,-3,-6,-4,-3,11
70583342810,-5,-3,-5,0,2,-4,-4,-5
70583351823,-10,-3,3,-6,-5,2,1,-6
70583351823,3,-1,-5,7,6,2,-1,12
70583366005,-5,2,-18,0,1,-2,0,-5
70583366005,-4,0,4,1,-4,3,3,-4
70583372894,6,-2,7,1,-6,4,0,4
70583372894,3,-1,-20,0,3,-8,-3,7
70583389208,-11,-2,6,-6,-6,1,-2,-11
70583389208,5,4,8,2,0,7,0,-1
70583390804,3,2,-12,-2,2,-2,-9,15
70583390804,-9,-4,-5,-3,0,-9,-2,-14
70583402872,-3,0,10,-3,-2,2,-1,-7
70583402872,7,3,-10,-6,-3,-1,-1,14
70583411822,-14,-5,-13,1,-4,-11,-3,-15
70583411822,-3,-3,12,5,-2,4,4,-6
70583441639,13,2,3,-3,-10,6,3,7
70583441639,-5,-6,-22,-4,-3,-11,-3,3
70583443246,-6,1,3,-2,-1,-3,2,-7
70583443246,2,1,6,-1,-3,18,1,-1
70583448524,-1,-1,-11,-2,-8,-19,-9,12
70583448524,-11,-1,2,1,-5,0,4,-8
70583455294,7,-1,10,-1,-3,9,4,-6
70583455294,0,0,-6,-10,-10,-13,-8,14
70583462792,-13,-4,-12,0,1,-3,2,-7
70583462792,-3,-3,11,-2,1,4,2,-9
70583471804,6,-2,8,3,-3,6,-1,4
70583471804,-5,-4,-16,-4,-1,-11,-8,5
70583486032,-4,-3,1,0,3,1,2,-2
70583486032,-5,-4,9,0,3,1,-2,-5
70583492791,2,0,-13,-1,-3,-14,-9,9
70583492791,-4,-2,3,-6,-12,4,1,-5
70583508495,-3,-2,3,-4,0,5,-3,-6
70583508495,-2,-3,-6,-3,-8,-5,-5,6
70583515307,-11,-6,-8,-6,-3,-6,-3,-3
70583515307,-5,-4,4,1,-1,5,2,-11
70583539704,-3,-3,0,-6,0,4,2,4
70583539704,-5,-3,-19,-1,-3,-10,-3,4
70583541333,-9,-5,24,3,1,1,5,-26
70583541333,8,-1,18,0,5,6,0,3
70583546060,-9,-7,-52,-1,8,-3,-4,25
70583546060,-15,-6,19,-2,2,-4,6,-51
70583552841,4,5,36,3,0,5,5,4
70583552841,0,-4,-49,-5,4,5,-5,48
70583568561,-20,4,10,3,1,-5,8,-62
70583568561,-4,-4,43,4,3,-3,1,-11
70583575369,13,-1,-30,-6,-5,9,-6,54
70583575369,-29,-2,-29,-3,1,-9,1,-41
70583591685,-2,-3,44,-3,-6,-2,1,-21
70583591685,13,3,-2,-6,-10,3,-9,36
70583593336,-14,-1,-50,-1,13,-1,1,1
70583593336,-11,1,35,-2,-7,-5,7,-36
70583606045,3,-8,21,-2,-5,0,-2,17
70583606045,2,1,-42,-1,3,3,-4,27
70583612793,-13,-5,-2,-2,-4,-5,8,-37
70583612793,-5,-3,27,-4,-7,-4,2,-9
70583636700,8,1,-15,-1,-4,-3,-5,31
70583636700,-16,-8,-24,-2,7,1,0,-11
70583638326,-4,-6,16,-5,0,-6,0,-20
70583638326,10,-1,6,2,-4,-4,-4,15
70583651789,-4,-2,-27,-3,1,1,-2,0
70583651789,-9,-3,19,-1,-6,-6,6,-22
70583653332,-1,-2,11,-3,-4,-4,-4,6
70583653332,1,-1,-26,0,6,8,-1,18
70583674182,-12,-4,6,2,4,-1,3,-30
70583674182,-1,-4,14,-4,-1,-7,-3,3
70583675790,2,-1,-21,1,8,-1,-3,27
70583675790,-21,-6,-5,-1,5,0,1,-26
70583688605,-2,-3,19,1,4,-5,-3,1
70583688605,3,-5,-17,-6,-8,0,-5,29
70583695366,-15,1,-18,0,0,1,1,-19
70583695366,-4,-3,21,-1,-5,-7,-4,-9
70583711737,0,-7,-3,-7,-5,-1,-4,22
70583711737,-9,2,-32,-2,4,1,-1,0
70583713344,-10,-2,26,-1,-6,-6,3,-29
70583713344,6,-4,9,0,3,-1,-7,10
70583726110,3,1,-29,-2,1,2,-1,19
70583726110,-6,-3,10,-3,3,-4,0,-30
70583740339,5,0,14,0,0,-1,-2,1
70583740339,9,6,-17,-8,-13,-1,-6,24
70583748579,-10,-3,-13,-3,6,-1,-2,-18
70583748579,0,-2,20,1,1,-5,-7,-6
70583755341,8,0,-6,3,3,4,-3,20
70583755341,-8,4,-18,-2,8,-3,3,-6
70583779184,-5,0,15,-4,-11,-5,-3,-15
70583779184,4,2,7,3,3,0,0,8
70583780773,-1,2,-16,-6,-4,-6,-2,6
70583780773,-11,-1,2,-1,-4,0,-2,-20
70583785387,3,-2,8,-1,-8,0,-5,5
70583785387,6,-2,-6,-4,-4,0,-1,10
70583795045,-5,-5,-8,-1,-4,-1,-1,-10
70583795045,-1,-4,11,-1,-4,-3,1,-1
70583817294,3,1,0,1,-1,-1,-2,5
70583817294,-3,0,-12,4,3,3,1,-1
70583818843,2,-1,3,-1,0,-1,-1,-4
70583818843,0,-1,0,-4,-6,-5,-1,-4
70583831787,-5,0,-7,-1,2,1,5,4
70583831787,0,-1,-9,-4,-8,1,3,-4
70583833382,-2,1,-2,0,-4,0,-4,-2
70583833382,0,0,1,1,2,-1,0,-2
70583845362,0,-7,-3,-1,-1,0,-1,1
70583845362,-4,0,-1,-1,-2,-3,1,-1
70583854433,-3,-3,9,-6,-3,1,-3,-11
70583854433,1,-4,2,-3,-6,0,-2,12
70583884213,-1,2,-8,4,5,2,1,-1
70583884213,-8,2,1,-2,-4,2,2,-14
70583885806,1,-2,6,-1,-6,-7,0,5
70583885806,-5,-10,-16,-1,8,-1,-4,5
70583891772,-3,-2,-2,-5,-6,-3,-2,-7
70583891772,-1,0,3,2,3,-2,-4,1
70583893339,-1,-3,-4,1,2,0,-1,-3
70583893339,0,8,5,1,-4,-2,-1,-5
70583906773,-2,0,-3,3,3,4,-2,5
70583906773,-8,-2,-7,-4,-3,0,-1,3
70583912944,-4,-5,6,-3,2,0,2,-5
70583912944,1,-5,3,-4,0,-4,2,-2
70583928955,-1,-1,-5,-3,-8,2,1,1
70583928955,-3,-7,1,-2,1,-10,0,-9
70583952451,-6,-3,1,-5,-6,3,-5,2
70583952451,0,1,-6,1,-4,0,3,1
70583953158,-9,-3,1,-7,-1,0,-1,-4
70583953158,-5,-6,1,-1,0,-2,-2,-2
70583954786,1,-4,-3,0,-6,-2,0,2
70583954786,-2,-7,-7,1,2,4,-3,3
70583966020,-6,-6,8,-3,0,-3,-2,-4
70583966020,1,-2,-2,-1,2,1,-1,3
70583972856,-7,0,-1,-2,1,-4,-4,4
70583972856,-12,0,2,-1,-4,1,-1,-9
70583996789,-1,-6,1,-1,-5,1,1,-3
70583996789,-1,-2,-4,-4,1,4,-1,8
70583998401,-10,-8,-5,-1,-1,1,3,-4
70583998401,5,0,2,-3,-2,-6,-3,-5
70584019339,-5,-8,-3,1,2,-4,-4,-5
70584019339,-3,-2,-2,2,-3,3,3,6
70584020849,2,2,-1,-3,-7,-3,-6,-3
70584020849,-3,1,1,-6,-6,-2,-3,-6
70584025386,-11,5,3,1,-2,0,-2,1
70584025386,-8,-5,-5,-4,1,1,-4,1
70584034402,-4,-1,-1,-2,-7,-2,0,-8
70584034402,-1,1,2,1,3,-4,-4,0
70584048586,0,-3,3,-3,-2,-1,-1,7
70584048586,-5,-4,-5,-2,-3,1,0,-8
70584055483,-1,-2,0,3,10,-3,0,-10
70584055483,0,1,0,0,-2,3,-4,7
70584071732,-3,-1,-8,3,5,5,-2,1
70584071732,-7,-2,1,-5,-6,-5,-4,-12
70584073380,-4,-2,-2,-1,1,4,-4,6
70584073380,-5,-4,-6,-1,-3,-2,1,5
70584085487,-8,-2,2,-6,3,-8,-5,-7
70584085487,-2,1,1,-2,1,0,-4,1
70584094356,-5,1,-2,3,0,2,5,6
70584094356,-7,-3,-6,1,2,1,-1,-4
70584108645,-1,-3,-4,-4,-7,3,1,-1
70584108645,-1,-5,-7,-2,0,-3,-1,2
70584115460,-4,0,-1,-5,-3,-5,-1,-3
70584115460,-1,-5,7,1,-1,6,4,-5
70584139266,-3,0,-11,-1,2,-2,-1,4
70584139266,-7,3,6,0,-9,-2,1,-10
70584140811,-1,0,-11,-7,-2,5,-2,0
70584140811,-5,-3,-7,0,2,2,-1,9
70584145387,-3,4,1,-2,-10,1,2,-12
70584145387,-2,-1,0,1,-8,1,-2,-3
70584161942,1,-2,2,-5,-3,-4,1,7
70584161942,-8,-3,-6,-1,2,0,-6,-8
70584168569,-4,0,4,3,1,-2,2,-4
70584168569,-2,-5,-7,-1,2,-4,1,2
70584192420,-2,-2,-4,3,5,3,-2,2
70584192420,-5,-4,-3,-3,-2,-2,-2,-8
70584193151,-5,-1,-1,0,2,2,-2,-7
70584193151,-2,3,3,-5,-6,-4,-5,3
70584194810,-6,-2,-7,-3,-10,0,-8,10
70584194810,1,-2,-7,0,-2,0,3,-2
70584214020,-10,-5,17,0,-1,-1,6,-22
70584214020,1,-1,7,3,-3,1,-1,25
70584220445,-9,-2,-23,-3,-1,1,-4,10
70584220445,-15,-2,4,4,4,2,3,-24
70584228580,2,1,18,-6,-10,0,-3,8
70584228580,-7,-6,-15,-1,1,6,0,6
70584235403,-6,-2,-3,-1,-3,-2,1,-19
70584235403,2,3,17,-2,-1,-3,-5,-7
70584251747,0,-4,-15,1,3,1,0,21
70584251747,-11,-2,-9,-3,3,-1,1,-9
70584253379,-1,-2,14,1,4,-2,0,-18
70584253379,3,-4,0,-6,-13,-3,-3,21
70584265481,-11,-3,-16,-5,-1,2,-6,3
70584265481,-9,0,9,1,7,-4,1,-25
70584274420,-3,0,21,-1,-7,-3,1,1
70584274420,-5,0,-20,-4,-5,0,-5,23
70584288600,-1,1,-11,2,1,-2,1,-11
70584288600,-6,-3,25,-1,-7,-2,1,-22
70584295404,3,-3,-5,-3,1,1,-4,21
70584295404,-5,-5,-14,-3,4,-2,4,1
70584311772,-11,-4,7,-7,-9,-3,1,-20
70584311772,4,-3,-3,-1,-6,0,-6,17
70584313347,-5,-4,-8,-4,-2,-4,3,-3
70584313347,-2,-6,7,-6,0,-1,-2,-3
70584334265,-5,-4,-18,-2,2,-1,-3,16
70584334265,-9,-6,0,-2,1,-2,1,-20
70584335847,1,-2,9,3,1,1,3,2
70584335847,-5,-4,-18,-1,1,-2,3,23
70584348661,-10,-1,-4,-2,2,-2,1,-31
70584348661,-2,0,17,-3,-4,0,-3,0
70584355366,0,-3,-7,-3,-6,0,-6,28
70584355366,-10,7,-7,-2,5,-1,1,-28
70584372265,0,-3,23,-2,-7,-4,0,1
70584372265,4,0,-6,-6,-8,-2,-5,21
70584373807,-5,1,-21,-2,-9,5,0,-12
70584373807,1,-1,24,-4,-8,-2,-1,-22
70584385472,1,4,2,-3,-4,-2,-4,11
70584385472,4,1,-21,0,2,5,-1,19
70584401879,-9,-5,-4,1,9,-3,2,-30
70584401879,-5,3,15,2,-1,-1,0,-3
70584408531,5,-1,-6,-6,-6,1,-4,26
70584408531,-14,-4,-12,-4,2,0,-1,-15
70584415429,0,4,13,-1,-7,-4,-4,-9
70584415429,5,-9,0,-1,-5,-7,-1,14
70584431135,-3,0,-15,3,3,-4,-1,3
70584431135,-2,-2,6,3,5,-3,2,-13
70584437902,1,-4,10,0,3,3,1,-5
70584437902,-1,-4,-11,-3,-3,0,-2,10
70584445446,-7,1,-2,-1,-4,1,-2,-16
70584445446,3,0,-5,-1,0,-1,-2,-4
70584454332,-7,-3,5,-4,-2,0,5,-12
70584454332,3,3,-3,-2,-3,2,-7,13
70584476856,0,-4,-8,-1,2,-1,-3,1
70584476856,-4,2,1,1,-1,0,-5,-7
70584478327,4,-1,-8,0,4,-4,-1,10
70584478327,-4,-3,8,0,1,-1,3,-19
70584506729,-2,-7,-3,2,5,-2,-3,7
70584506729,-5,0,-17,-4,-8,1,0,14
70584508335,-7,-4,-2,0,-2,-1,-1,-23
70584508335,0,-1,9,-2,-4,-6,-2,-4
70584514282,-1,-3,-5,0,-2,-3,-2,18
70584514282,-9,1,-2,-2,0,2,5,-16
70584515866,1,0,8,-1,-2,-3,-3,-1
70584515866,-9,-3,-8,1,2,4,-1,2
70584528574,-2,2,-9,-8,-5,-4,3,-3
70584528574,-8,-4,5,-2,-1,-7,-4,-6
70584535406,-3,-3,-2,-4,-4,1,-5,1
70584535406,-6,1,-10,-6,-6,2,-3,2
70584566734,-9,-2,7,4,0,0,1,-16
70584566734,-3,-2,-1,-4,-4,-4,-1,-2
70584568383,-1,-2,-6,-3,4,-2,3,11
70584568383,-5,-6,-7,2,3,-3,1,-8
70584574209,-2,2,2,-1,-5,1,-1,-3
70584574209,-1,0,3,0,2,-3,-3,0
70584575846,-1,3,-6,1,-7,2,-3,11
70584575846,-6,0,-1,-5,-2,-1,0,-7
70584588575,6,-1,6,3,-6,-4,-3,-1
70584588575,0,-1,-9,-7,-7,0,0,10
70584595408,-7,-4,2,1,-1,-6,-2,-9
70584595408,-4,-5,3,-5,-3,0,-4,0
70584611033,0,-4,-2,5,6,2,0,7
70584611033,-11,-3,-7,0,2,0,-2,-1
70584617907,-4,-2,1,0,0,-3,1,-3
70584617907,1,-1,-2,-3,-4,-5,2,4
70584634353,-9,0,-5,-1,-3,1,0,-3
70584634353,-2,-3,6,-2,-1,0,3,0
70584635835,1,0,2,-3,-3,0,0,2
70584635835,-6,3,-6,3,0,0,-2,-2
70584648617,-2,-4,5,-5,-10,-3,2,-8
70584648617,5,-2,1,-1,2,-1,-6,0
70584662899,-5,-1,-7,-5,-1,3,-2,5
70584662899,-3,-8,-2,-4,2,-2,-1,-7
70584671053,-4,-3,3,2,4,3,1,-9
70584671053,-1,-2,3,4,-1,-1,3,3
70584685383,-9,-5,-6,-6,-1,-3,1,2
70584685383,-2,0,3,6,3,0,0,-3
70584694202,-3,-6,-1,0,-4,-1,-2,5
70584694202,-5,-1,-9,-4,-6,0,-1,0
70584695812,-5,-1,9,-2,-5,0,1,-9
70584695812,-2,3,0,0,-5,2,-2,-1
70584717540,-4,2,-9,-8,-2,1,-3,8
70584717540,-8,-6,2,-3,-5,-1,3,-10
70584718392,-8,-5,-1,-3,3,-5,-4,0
70584718392,2,4,-5,-5,-12,-1,0,2
70584730393,-6,-2,-3,-1,3,2,0,-1
70584730393,-4,-1,2,-3,-2,-3,-3,0
70584737919,-5,-6,-11,-4,-4,1,-4,4
70584737919,-5,-5,-5,-6,1,-1,2,1
70584753483,-5,-1,-2,-1,-4,-6,0,-10
70584753483,-3,-4,4,0,3,-2,0,1
70584754328,-1,1,-5,2,10,3,1,3
70584754328,-6,-1,3,1,-3,-3,-4,-6
70584769356,-4,-1,-1,-9,-8,-4,-6,2
70584769356,0,-2,-4,-3,2,4,-3,4
70584775394,-1,-3,-6,-6,-6,-1,3,2
70584775394,-7,-8,-3,-6,2,-4,-1,1
70584790390,-6,-3,-1,-1,1,-1,3,-6
70584790390,1,-1,-9,4,-3,2,1,5
70584806055,0,1,1,-4,0,-3,0,-3
70584806055,-1,-4,3,0,-3,-1,-2,-7
70584813294,0,4,0,-1,-3,0,-3,-1
70584813294,-6,-4,-2,0,-4,-1,3,-1
70584820408,-5,-5,-3,1,1,-2,0,-1
70584820408,-2,2,-4,6,8,1,-1,0
70584829347,-2,1,-2,-4,5,-1,-6,5
70584829347,-4,0,-1,-3,-2,2,6,-4
70584835403,-4,-4,-5,1,-5,-2,2,-12
70584835403,-9,-2,-9,-3,-3,0,1,5
70584850372,0,-2,0,3,4,-2,1,-6
70584850372,-3,-4,0,1,6,2,-7,-6
70584866071,2,-1,-4,-2,0,-2,-4,3
70584866071,-2,-5,-1,-3,-4,-3,4,-7
70584873666,2,2,2,0,-1,-1,-1,-4
70584873666,1,0,-3,0,0,-5,-4,6
70584874358,-7,-4,2,-5,-8,-1,-2,3
70584874358,3,2,1,-3,-1,4,-7,-2
70584889456,-8,3,-4,-4,0,-3,-1,-2
70584889456,2,-1,-5,-2,7,0,-3,-2
70584895434,-4,-4,5,1,5,-2,-6,-3
70584895434,3,-2,5,-2,-4,-4,2,-1
70584910388,0,-3,-9,7,11,2,2,6
70584910388,-9,2,-3,-1,2,-2,1,-10
70584917898,-9,-5,-3,-5,-1,-2,-4,0
70584917898,5,1,1,1,-1,0,-5,5
70584933619,-2,-8,-7,-5,-9,-6,-2,2
70584933619,-6,-7,1,-9,-12,0,2,-1
70584934323,1,1,4,0,-4,-1,-3,0
70584934323,-5,0,-4,0,4,4,-2,2
70584957565,-2,-4,2,1,-1,0,-2,-7
70584957565,-4,-2,0,-2,-3,-1,-2,2
70584958352,4,4,-6,-2,-6,-2,-1,4
70584958352,-8,-1,-1,2,0,0,3,-17
70584978586,2,-1,1,-4,-5,0,-2,1
70584978586,0,0,-12,3,-6,0,-3,4
70584979375,-9,-5,-6,-4,2,0,-1,-9
70584979375,-1,-3,-2,-3,-4,-3,-4,-2
70584995014,-2,4,0,-3,-2,1,-5,-1
70584995014,-5,1,3,-5,-5,-6,-4,-3
70584995858,1,-1,1,-1,-1,-4,-2,-6
70584995858,0,-1,-2,0,0,1,0,0
70585009492,-8,-5,-4,-9,-9,-1,-2,2
70585009492,-8,0,-1,-4,1,0,-3,-1
70585015645,1,5,8,5,1,-1,3,-2
70585015645,-3,3,-3,-1,2,-2,-4,3
70585030472,0,-3,-3,-3,5,-6,-3,-11
70585030472,-3,1,8,-1,0,-3,-5,0
70585037915,-4,-1,-3,-3,4,0,-2,1
70585037915,-2,-3,-3,-1,-4,1,0,2
70585053574,-3,1,0,3,0,0,4,-5
70585053574,1,0,-2,-2,2,0,-1,0
70585054363,-7,0,-8,-5,-9,2,-2,3
70585054363,-2,-2,-2,1,-6,-4,-3,-9
70585077503,-4,-1,1,-2,-3,-1,-3,2
70585077503,-4,-6,-1,1,-1,0,0,9
70585078353,-8,-2,-2,0,-3,-3,-2,-8
70585078353,-4,2,2,-4,-4,-6,-2,2
70585090381,-10,-6,-3,-7,-3,1,-1,6
70585090381,1,-1,-5,-3,-1,-2,-4,-6
70585106047,-6,-1,-2,-1,-3,4,1,-1
70585106047,-6,-4,-5,-2,-5,0,0,-5
70585113591,-4,3,1,1,2,-1,4,0
70585113591,-4,0,-4,-1,-1,3,3,1
70585114363,-6,-2,-5,-6,-1,-2,0,-2
70585114363,1,0,-3,2,10,0,4,-3
70585129397,-5,0,0,0,-4,2,-2,0
70585129397,0,0,-6,2,-3,-2,-3,-6
70585135436,0,-2,-1,1,6,1,1,-1
70585135436,-8,0,-4,-3,-2,-1,-1,8
70585150431,-3,-6,0,-1,-2,1,1,-6
70585150431,-1,-5,0,-3,-2,-4,-3,-7
70585166143,-1,3,-3,-2,-8,-1,-3,7
70585166143,-3,0,-1,-5,-5,-2,-1,-7
70585173583,-2,0,-4,1,2,-4,-4,-4
70585173583,-4,0,4,1,-4,-1,-3,6
70585174357,-9,-5,-4,-3,4,2,4,-3
70585174357,-3,-2,1,-1,1,-1,-4,-1
70585189444,-5,-4,3,0,-1,-1,-4,6
70585189444,-3,-5,-9,-4,-3,-4,1,-3
70585195438,3,1,3,1,-7,0,-4,0
70585195438,-8,-3,-6,-3,3,4,-2,6
70585210470,0,0,0,-4,-2,1,-3,3
70585210470,-11,-7,3,-6,3,-1,-1,-12
70585217903,-5,1,3,-1,-6,-4,-1,0
70585217903,3,-4,-5,1,-1,-3,-3,6
70585233575,-6,-7,-2,0,3,-5,2,-6
70585233575,-1,-7,1,0,9,0,3,-6
70585234385,6,-5,4,-1,-1,4,0,4
70585234385,1,-1,-6,1,1,-1,1,-5
70585249435,-3,2,-4,-4,-1,-1,-2,-4
70585249435,8,-1,-1,0,2,-2,-5,2
70585255428,-1,-2,-6,3,4,0,2,1
70585255428,-5,-5,3,1,-1,2,0,-7
70585270451,-5,-1,-1,1,1,-1,-2,0
70585270451,3,1,-4,-2,-7,2,1,7
70585277929,-3,-1,-2,-2,-2,-7,-3,-9
70585277929,-4,-3,6,-3,-2,-3,-6,0
70585293558,2,-6,1,1,3,0,-1,2
70585293558,-6,0,-2,3,-2,1,-2,3
70585294356,-4,8,-1,5,6,1,3,-1
70585294356,-6,0,-1,1,-5,3,2,-3
70585309351,-8,-7,-1,-7,-2,-2,-5,5
70585309351,-1,0,-3,-3,-5,0,1,-5
70585315485,-1,-3,-3,-3,-8,2,1,-4
70585315485,-4,-1,-2,0,2,-3,1,4
70585330391,-2,-1,-7,-4,-8,0,0,-4
70585330391,-2,-4,3,-1,-1,0,4,-3
70585337970,-1,-2,-3,1,2,-5,-2,1
70585337970,4,3,0,-2,-1,-2,-1,2
70585352906,-6,-1,1,-2,1,-3,-3,-1
70585352906,-6,2,3,0,6,-1,-4,-7
70585360494,1,-3,-5,-3,-2,-1,0,5
70585360494,-4,-7,-1,-7,-8,0,2,-6
70585377565,-4,-1,-3,-1,-1,-4,2,-7
70585377565,-8,-1,0,-3,-5,-3,1,6
70585378382,-5,-1,-1,0,5,0,-3,-8
70585378382,0,1,2,1,0,0,-5,0
70585390398,0,0,0,-3,-8,-4,0,4
70585390398,-7,1,-6,-8,-4,-1,-4,-4
70585397903,-1,-5,4,-7,-8,-5,-2,1
70585397903,-6,-5,-5,-5,1,0,1,1
70585413042,-2,-1,-6,1,2,5,1,1
70585413042,-4,-1,2,0,3,0,-6,-4
70585420399,-4,-5,-3,-3,-1,-2,1,-1
70585420399,-1,-5,-2,-5,-5,1,-2,3
70585444365,-10,-3,-1,-2,5,-1,0,-11
70585444365,0,-4,-1,3,0,-2,-2,1
70585445029,-2,3,-1,-3,-2,0,-3,4
70585445029,-5,0,-5,-1,-1,-1,2,-4
70585450472,-6,1,0,1,-1,0,0,-3
70585450472,-2,-5,0,-6,-14,4,2,3
70585457895,-6,-8,-5,-2,0,-4,-2,-3
70585457895,-6,-1,1,-3,-6,-2,0,-4
70585482641,-3,-7,-1,0,2,-2,-2,-1
70585482641,-9,1,-8,-3,-3,-1,3,0
70585483400,-8,-1,-6,0,2,4,2,-11
70585483400,-5,-3,-1,-2,-1,-8,-2,-2
70585504770,-2,3,0,-2,-1,-1,1,1
70585504770,-5,-5,-7,-6,0,-1,2,4
70585505461,2,-5,2,-1,-4,-5,1,-4
70585505461,-3,-1,3,0,1,-4,-1,-5
70585511865,-3,-4,-3,-3,-6,-3,2,5
70585511865,-3,-4,-1,2,2,2,-4,-5
70585518011,-7,3,-1,-4,-8,2,0,-3
70585518011,-7,-1,-7,-6,-3,2,0,5
70585532881,-4,-1,-3,0,-2,-2,-6,-11
70585532881,-5,0,-2,-1,1,-1,1,-5
70585540383,-7,-5,-4,-8,-7,-1,1,14
70585540383,-7,2,-6,-5,-1,-9,0,-15
70585556050,-6,3,7,2,0,2,2,-1
70585556050,-3,-2,-5,-4,0,-4,-6,15
70585556849,-10,-5,-9,-2,6,5,2,-9
70585556849,-7,-11,8,1,-6,-3,-3,-5
70585570423,-4,-6,-7,-5,0,-1,1,7
70585570423,-6,1,-7,-9,-14,-1,-8,-2
70585577910,-6,0,1,-1,-1,-1,-3,-6
70585577910,-9,-3,-7,-4,2,0,0,6
70585601175,-5,-4,-5,-4,-5,-1,-4,8
70585601175,-10,-4,-3,1,3,-4,-1,-12
70585601892,-1,-2,3,2,7,-3,-7,1
70585601892,-1,1,-9,3,3,5,-1,7
70585616154,0,-1,-8,-5,-2,-2,0,-8
70585616154,4,3,6,1,-1,0,2,-5
70585616885,5,0,1,3,-1,-2,0,7
70585616885,1,2,-7,1,1,-5,-2,0
70585630485,2,2,6,-1,1,-5,-1,-14
70585630485,4,0,6,1,-1,0,2,4
70585638007,5,4,-10,-1,-2,-1,-4,15
70585638007,-7,-8,1,0,5,-1,3,-21
70585653009,2,-3,5,0,-2,2,-2,1
70585653009,4,1,-5,1,2,-5,-2,15
70585660477,-7,-5,-7,-1,5,1,4,-19
70585660477,0,3,10,2,2,-1,-7,-5
70585676106,-2,-5,-1,0,-2,1,-1,17
70585676106,2,-3,-7,-1,3,0,3,-8
70585676882,-8,-1,15,-2,-4,-3,2,-15
70585676882,0,-2,-3,0,-1,1,-2,13
70585690397,-11,2,-13,2,1,2,-1,10
70585690397,4,5,8,3,-2,-1,-2,-28
70585697988,0,0,5,0,-1,-4,-3,6
70585697988,1,0,-6,2,-1,4,-3,21
70585721146,-10,-6,-8,-6,-1,-2,-6,-17
70585721146,1,4,9,-1,-9,-9,2,0
70585721815,3,-4,0,0,-1,0,-4,16
70585721815,1,3,-5,-3,-7,2,-4,-11
70585736090,-3,0,5,7,-1,2,1,-10
70585736090,-6,-3,0,0,-3,2,-1,4
70585736940,-5,-1,-6,-4,-6,-2,1,4
70585736940,-4,-7,2,-3,-1,-2,0,-16
70585750483,-3,-1,1,-5,-7,0,-3,0
70585750483,-2,-7,-12,2,16,0,1,8
70585757923,-8,-2,-4,1,1,1,-3,-16
70585757923,-4,-3,2,2,-1,-1,-1,0
70585773014,-2,-4,-5,-7,-4,1,-8,6
70585773014,-4,1,-2,0,7,2,3,-4
70585788611,-6,-6,-1,-1,5,-2,-2,-6
70585788611,-1,-3,-4,2,3,-3,5,3
70585796166,-6,-1,-7,-9,0,-5,2,0
70585796166,-9,-8,-2,-8,0,-3,-3,-4
70585796889,1,-2,2,-1,2,-3,-5,1
70585796889,-5,-4,-6,0,-2,1,-7,4
70585810468,-9,-1,0,-1,-5,-4,0,-5
70585810468,-5,-6,-3,-14,-20,-1,-1,0
70585826131,1,-3,-5,-4,-2,1,1,-1
70585826131,-8,0,-2,-8,-3,-2,-1,-2
70585832930,2,-2,1,-3,-5,-1,-1,-5
70585832930,-7,-6,-3,0,-4,-2,-4,4
70585840390,-3,-1,-12,-2,-4,-4,-3,-2
70585840390,-4,-3,-1,-3,-8,-5,-1,-3
70585856082,-2,-1,6,-4,-2,0,-4,2
70585856082,-5,5,1,-5,-2,-5,-2,0
70585856875,-6,-2,5,-1,0,-1,-1,-6
70585856875,-6,-6,1,0,1,0,2,2
70585870442,-6,-2,-4,-1,0,0,2,3
70585870442,-4,1,-5,-1,-6,4,0,-6
70585877948,-1,-4,-1,0,-2,0,1,-1
70585877948,-8,-4,1,-3,2,-1,3,1
70585894405,-2,-5,-1,-1,0,1,0,-4
70585894405,-3,-5,0,2,5,2,0,0
70585900508,-5,-1,0,1,-7,-4,-2,2
70585900508,-1,0,-7,-1,-2,-4,2,-1
70585916157,-3,3,-3,1,0,-5,2,-7
70585916157,-8,-5,-6,3,2,-2,-1,0
70585916968,2,-2,-2,-3,-5,0,-1,3
70585916968,-2,-2,2,-3,-4,-1,-2,0
70585931930,-4,2,0,5,-3,-2,0,0
70585931930,-6,-1,-4,-4,1,0,-4,2
70585937909,-8,-2,-6,-4,-4,2,2,-4
70585937909,-11,-4,-4,-3,4,1,-4,-3
70585954446,-2,-4,2,-2,6,-2,3,-1
70585954446,-10,-2,1,-4,-3,2,-3,-1
70585960482,-1,0,4,-3,-2,-3,2,-2
70585960482,-1,0,0,3,0,-1,-1,-3
70585976126,-4,-4,-7,-3,-7,1,0,2
70585976126,-5,0,-1,-4,-4,-2,-5,-1
70585976954,-3,-1,-2,-1,0,0,-3,1
70585976954,0,0,-4,-4,-6,3,0,-2
70585998665,1,1,-4,9,4,-3,2,-3
70585998665,-8,-4,-2,-3,5,-4,-1,-3
70585999397,-3,-5,0,-3,1,-6,-2,-2
70585999397,-1,3,-1,3,1,6,1,0
70586013014,-8,-6,-3,-10,0,-1,-5,1
70586013014,-1,-3,-3,4,-1,0,-2,0
70586020533,-6,-4,-1,1,5,-1,-2,2
70586020533,-2,4,1,-7,-4,0,1,-4
70586037627,-2,0,-1,-1,4,0,-8,1
70586037627,-1,-1,0,3,3,-2,1,-4
70586038384,-2,0,2,-2,2,4,2,-1
70586038384,2,1,1,-5,-4,-10,0,-2
70586050510,-8,2,-3,-1,2,3,-1,-3
70586050510,-1,2,-4,1,-3,-5,0,-3
70586057907,0,0,-1,0,-4,-2,-1,-2
70586057907,-5,-1,-4,-4,3,-2,-10,5
70586081171,1,2,5,0,0,-2,-1,-4
70586081171,4,5,-1,6,4,0,5,1
70586081882,-4,0,-5,0,3,-1,1,0
70586081882,-3,-4,-5,0,1,-1,1,-4
70586104328,-3,0,0,1,1,0,0,-1
70586104328,1,1,-5,-10,-13,-4,1,2
70586105071,-7,-1,-2,-3,-8,4,-2,-5
70586105071,-5,-5,3,1,-5,0,1,-10
70586110511,-5,1,-3,-6,-8,-1,-2,18
70586110511,4,-1,-4,0,-2,-2,-2,-3
70586117945,-12,-4,9,-2,-2,-3,4,-38
70586117945,5,-6,7,0,-2,0,-8,37
70586132942,-3,-7,-40,0,3,4,2,29
70586132942,-17,-4,3,-1,10,-4,5,-68
70586140506,1,2,91,3,-6,-10,-4,-39
70586140506,22,2,-41,-2,0,8,-7,85
70586156085,-12,-4,-51,-4,-2,2,1,-11
70586156085,-12,5,51,-2,-6,-6,0,-60
70586156939,25,3,-23,-4,-7,4,-8,85
70586156939,-10,-2,-42,2,5,1,2,-4
70586170512,-23,-2,35,-3,-3,-5,5,-65
70586170512,19,-5,23,-3,-9,-2,-6,52
70586178051,-2,1,-63,-6,2,5,-1,41
70586178051,-18,-1,1,-1,-2,0,10,-60
70586193040,8,-7,53,2,-2,-8,-4,-10
70586193040,11,-4,-35,-1,1,5,-10,63
70586200461,-9,2,-26,0,4,-2,-5,-23
70586200461,-6,0,43,2,2,-7,-1,-46
70586216149,16,-1,-3,-2,-4,-3,-2,41
70586216149,-12,3,-33,-1,-4,0,0,8
70586216976,-14,-4,8,1,3,-1,1,-31
70586216976,0,-5,20,-5,-11,-2,-1,13
70586230481,0,-2,-17,0,3,8,-3,14
70586230481,-10,-9,-3,-3,-10,-2,-3,-13
70586237946,2,-2,17,2,-2,-2,1,-1
70586237946,-3,2,-10,0,4,1,0,15
70586252986,-10,2,-11,-3,5,-2,-3,-9
70586252986,-5,-1,9,-2,-1,0,-4,-4
70586260519,0,2,-6,-8,-6,-3,-5,18
70586260519,-5,2,-6,-1,-5,-5,1,-6
70586276208,-4,0,16,2,-1,-5,-5,-12
70586276208,-4,2,2,-6,-3,-1,-2,21
70586276947,-3,-3,-18,-6,1,1,0,4
70586276947,-9,1,6,-5,-4,-5,-5,-20
70586290482,0,2,5,1,-3,2,1,7
70586290482,-5,-12,-12,2,6,5,0,11
70586306100,-7,-1,-5,7,7,-7,-2,-8
70586306100,-3,-7,7,-6,-3,-3,0,-1
70586313038,5,-5,-4,2,-7,1,1,8
70586313038,-2,-3,-4,2,-1,2,-2,-3
70586320536,-8,0,8,-4,-5,-2,-2,-5
70586320536,1,-1,-2,6,2,-1,-2,10
70586335543,-7,-4,-6,0,4,2,0,2
70586335543,-1,1,0,3,8,-1,0,-9
70586343080,1,-2,-3,2,4,5,-3,14
70586343080,-6,2,-3,-3,0,0,-3,1
70586351982,-9,-1,0,-8,-5,-2,-3,-3
70586351982,6,4,3,-2,-3,-2,2,4
70586358002,-2,-7,-9,-8,-10,-2,-3,3
70586358002,-5,-4,-2,-2,0,-3,-3,-3
70586381134,1,2,2,0,-4,-5,0,-2
70586381134,-2,-2,-9,-2,0,1,-1,12
70586381963,-3,3,2,5,2,-7,4,-4
70586381963,-5,-1,3,-2,4,2,-1,-6
70586395418,-4,-1,0,4,-1,2,0,11
70586395418,-5,2,-5,-2,0,0,0,-5
70586403125,-5,-2,3,4,-6,2,0,-6
70586403125,-1,-7,-4,1,7,2,-1,9
70586418676,-9,-3,-9,-6,0,1,1,0
70586418676,-8,-5,1,-1,-5,-1,0,-8
70586419419,0,-2,5,-2,1,-2,-2,1
70586419419,0,0,-13,-5,-7,0,0,10
70586433020,-6,0,0,0,-4,-1,-4,-5
70586433020,-5,-7,7,1,3,-2,1,-1
70586440461,-1,-8,-10,-6,-7,-1,-3,13
70586440461,-4,0,0,-2,-1,-3,-2,-6
70586455450,-4,-6,4,-4,-2,-2,-1,-8
70586455450,1,3,0,-3,-5,-3,-5,12
70586471158,-9,-5,-10,-9,-7,0,7,-4
70586471158,-2,0,6,-2,-10,-1,0,-6
70586478631,2,1,4,-4,-4,0,-3,3
70586478631,-1,2,-9,5,-4,-1,-4,9
70586479406,-4,0,1,-3,-4,3,-1,-3
70586479406,-4,-4,6,-6,-11,-1,1,-2
70586493016,-3,-4,-6,-3,-4,-4,-3,13
70586493016,-7,1,0,-6,-10,-4,-3,-6
70586500478,2,3,9,4,7,-4,-2,-15
70586500478,0,3,-2,0,2,1,-2,11
70586517010,-11,-14,-13,-1,5,2,-1,-2
70586517010,-4,-8,3,-3,-2,2,1,-5
70586522952,1,-3,4,0,-4,-2,-7,5
70586522952,-2,-2,-8,3,2,1,2,6
70586538631,-4,3,0,0,2,-1,-1,-7
70586538631,-8,-5,2,-1,-3,3,2,-1
70586539406,3,2,-4,-1,-3,-1,-3,16
70586539406,-3,2,-2,-5,-7,1,-2,2
70586554452,1,-2,7,-4,-11,-4,0,-5
70586554452,0,0,0,0,7,0,1,9
70586560710,-6,-6,-10,-5,-3,1,-1,-1
70586560710,0,-5,4,1,-1,-1,1,-4
70586583614,3,4,12,1,0,-3,3,4
70586583614,-9,-5,-10,-4,0,3,0,7
70586584380,-6,-2,0,2,3,3,-1,-8
70586584380,-4,1,3,-1,-1,-6,1,-2
70586606877,1,4,-11,0,3,2,-2,16
70586606877,-4,1,-6,0,-1,0,2,-8
70586608070,-3,0,8,2,-5,2,-3,-7
70586608070,-1,-1,-5,0,-3,-1,-2,13
70586612948,-3,0,-6,0,-7,-1,0,-4
70586612948,-5,0,1,0,1,-2,0,-6
70586620430,2,6,1,0,-4,-2,1,6
70586620430,-3,-1,-14,1,9,2,-1,2
70586635447,0,0,7,1,-3,1,-1,-4
70586635447,1,-4,6,-2,-3,-2,-1,-1
70586642974,0,3,-9,0,-3,-1,-2,15
70586642974,-10,-9,1,-3,-1,0,-5,-8
70586658697,-7,-6,1,1,1,0,-1,-8
70586658697,-2,-3,-3,-3,0,3,-1,13
70586659392,-11,-5,-10,-3,-7,-4,-3,-1
70586659392,-8,-3,3,-2,-1,0,3,-11
70586673102,2,-3,4,-5,-2,-2,-2,4
70586673102,-5,-1,-12,-5,-2,-7,-1,5
70586680484,-2,-4,-4,-3,-1,1,-2,-4
70586680484,-2,3,7,2,-2,-6,-1,1
70586695442,-1,-2,-7,-1,0,2,-3,14
70586695442,-5,-1,1,1,2,-1,3,-8
70586702943,-3,-4,1,-2,2,4,0,-4
70586702943,5,-1,-4,0,-8,-4,-4,11
70586718487,-6,2,-5,-1,-3,3,1,1
70586718487,-1,0,5,-2,-1,2,-3,-7
70586726168,4,-2,2,-3,-1,0,6,4
70586726168,-8,-3,-14,1,4,6,0,3
70586732979,-7,-4,1,2,3,-3,3,-7
70586732979,-2,2,4,4,-2,-5,-1,3
70586740474,-6,-3,-12,-2,5,1,-1,13
70586740474,-1,-1,-2,-1,-5,1,0,-5
70586763634,2,-1,-1,1,-6,-6,1,-5
70586763634,3,-1,1,4,1,2,0,12
70586764389,0,4,0,-2,4,-4,3,-2
70586764389,-9,-4,6,-1,0,-3,-1,-10
70586778633,3,-5,1,0,6,-2,1,3
70586778633,-3,-6,-16,-1,5,1,1,1
70586779440,-5,-1,2,3,-1,-2,-1,-4
70586779440,-2,-1,9,0,-1,-2,4,4
70586792989,0,1,-14,3,0,2,-1,14
70586792989,1,1,0,-2,-2,-5,-4,-6
70586800499,0,0,2,2,1,0,3,-5
70586800499,4,-2,0,-9,-6,1,-2,14
70586815534,-10,-8,-7,-3,0,0,-4,-3
70586815534,-7,-5,9,-2,2,0,-2,-8
70586831229,0,-2,3,0,-3,2,0,8
70586831229,-3,-7,-10,-6,-6,-1,2,1
70586838727,-5,5,6,0,-6,-5,-4,-6
70586838727,-4,1,3,-5,-11,1,-1,4
70586839450,1,-7,-10,-5,-3,3,-2,14
70586839450,-10,0,5,1,6,-1,-2,-8
70586853007,-5,-6,4,-1,3,-1,-2,-4
70586853007,1,-2,-2,-7,-3,-5,-6,16
70586860483,-11,-7,-10,-1,6,0,0,-6
70586860483,-7,-1,1,-3,0,-2,-2,-8
70586875529,2,3,3,-3,-4,-2,-4,11
70586875529,-4,2,-10,-2,-4,-2,4,-1
70586882968,-10,-6,4,-5,-4,-4,-3,-8
70586882968,2,1,2,1,5,3,-3,5
70586898693,-6,3,-16,-4,-3,0,-2,16
70586898693,-7,-3,-2,-4,-5,-7,-1,-8
70586899401,-4,0,6,0,2,4,-2,-5
70586899401,-5,-6,-10,-1,5,3,-1,16
70586915136,-7,-4,-3,-2,4,-5,0,-10
70586915136,-1,-2,10,-1,-1,2,-1,-8
70586920444,0,0,-1,-2,-5,-1,-5,13
70586920444,-8,-2,-7,2,3,2,-3,-1
70586936981,-5,1,8,1,-3,2,4,-10
70586936981,-7,1,6,1,0,-1,-2,3
70586951254,-8,-1,-13,-3,-4,-2,-1,11
70586951254,-3,-6,6,-2,-1,-3,3,-4
70586958668,-3,-2,4,-4,-4,2,-1,-1
70586958668,2,-5,-13,3,1,1,0,16
70586959428,-7,-1,-1,0,0,-2,-2,-5
70586959428,-5,-2,-5,-4,-5,-1,0,-10
70586973040,-1,-1,-1,-1,1,-1,4,13
70586973040,-7,-7,-12,-2,4,-1,1,-1
70586980504,-4,2,7,-1,-1,-1,2,-7
70586980504,-3,-5,2,-3,-3,-2,-5,5
70587003620,-3,-3,-10,3,1,0,-2,8
70587003620,-5,-3,-3,-2,-2,-2,-1,-6
70587004409,-5,-4,2,-2,0,-1,-1,-1
70587004409,-2,0,-7,-1,1,-3,0,13
70587018653,-6,-7,0,-3,-4,2,0,-3
70587018653,-3,-1,7,4,7,-2,-5,-10
70587019422,1,0,-3,0,2,-6,-1,5
70587019422,-5,-2,-13,-2,3,-2,-2,-2
70587041108,-6,0,-3,1,6,-1,-6,-11
70587041108,2,0,6,-2,-4,-1,1,5
70587041957,1,-2,-11,2,0,0,0,7
70587041957,-5,1,4,1,0,-2,-1,-9
70587055543,-3,-2,4,2,5,-4,0,-1
70587055543,-2,0,-7,2,2,-2,-1,16
70587071226,-5,2,0,2,3,-1,-4,-7
70587071226,-9,-2,4,1,-3,-5,-1,-5
70587078624,3,-5,-2,-2,-7,-1,4,10
70587078624,-10,-3,-12,-5,-3,-2,-4,-4
70587079431,-1,-1,4,-3,-3,1,0,-6
70587079431,-3,5,4,4,1,5,-2,5
70587093008,-3,-1,-9,-4,-4,-4,-5,4
70587093008,-6,-5,-4,-3,2,1,-4,-7
70587100537,-2,4,8,2,2,-4,0,-1
70587100537,1,-4,-8,1,-4,3,-7,15
70587115510,-5,-6,-8,1,5,-1,4,-2
70587115510,3,7,5,4,3,-2,-2,-7
70587123048,0,-3,0,-3,-7,-2,-2,12
70587123048,-3,-1,-11,0,2,-3,1,-4
70587146843,-5,1,3,-2,-7,0,-1,-7
70587146843,0,-8,4,-7,-6,-4,-3,6
70587147582,1,-10,-18,-4,2,3,-1,6
70587147582,-4,-5,3,-3,-6,-4,-1,-7
70587161191,-4,-2,5,0,0,-3,-1,-1
70587161191,7,3,-8,-1,-2,-1,-1,12
70587161922,-7,0,-5,-2,-1,4,3,-3
70587161922,-7,0,7,-2,1,-1,3,-6
70587175513,4,-2,-4,-3,0,1,-3,14
70587175513,-4,2,-5,-6,-7,-4,-3,-1
70587182982,-7,0,1,-5,-2,-5,-5,-7
70587182982,11,5,3,0,-12,-4,-3,4
70587198652,-5,-4,-11,1,-5,-2,-1,4
70587198652,-8,-7,-1,1,4,5,3,-3
70587199655,1,0,6,-1,-3,-2,0,0
70587199655,-4,-6,-11,-4,0,1,-7,16
70587214536,-11,-5,3,-6,-4,-4,-5,-7
70587214536,-4,-2,5,-1,-3,1,-1,-4
70587228703,-2,-2,-9,-1,-3,-1,-3,15
70587228703,-6,-1,-8,-5,0,-2,-2,-2
70587235489,-3,0,2,-2,3,0,-1,-8
70587235489,0,-5,-4,-3,0,-5,1,5
70587251178,-6,1,-15,-3,-7,-4,1,0
70587251178,-5,-3,3,2,2,0,0,-5
70587257989,0,-1,5,-4,1,-4,-7,2
70587257989,0,-5,-16,2,-5,1,-5,11
70587266223,-2,-7,1,-1,1,-4,-4,-8
70587266223,-2,-4,2,-4,-6,-3,-3,-6
70587281151,7,3,-18,7,4,5,0,53
70587281151,-13,-1,12,3,4,0,9,-36
70587281926,-4,-2,35,-6,-3,-3,-3,-20
70587281926,13,-3,-29,-1,-5,5,-5,50
70587295501,-19,-4,-28,-6,7,-2,8,-42
70587295501,-9,-9,34,-6,-5,-3,-3,-37
70587303666,10,-1,-2,-1,-14,-4,-1,29
70587303666,-13,-1,-34,1,16,2,6,-14
70587317956,-6,-2,35,2,-5,1,-4,-54
70587317956,11,4,11,-1,-4,1,-5,27
70587326172,-3,-5,-44,-4,1,1,1,27
70587326172,-13,-1,16,4,3,-4,4,-43
70587341266,1,-1,17,-4,-6,-3,-2,-6
70587341266,-3,-3,16,-2,-2,-1,0,-20
70587342019,10,3,0,3,0,2,-6,-1
70587342019,1,5,-25,-7,-12,-4,1,23
70587355465,-3,-1,-5,0,-9,0,1,-5
70587355465,3,1,-13,-2,1,1,0,27
70587371150,-9,1,-19,5,8,5,0,13
70587371150,-17,-10,3,-9,-14,-5,2,-20
70587386920,1,2,15,0,5,-5,-1,8
70587386920,-4,-4,-35,-1,-1,2,-3,27
70587387587,-11,-3,-8,-1,3,0,2,-26
70587387587,-3,0,27,0,-1,3,-3,-10
70587401156,8,-2,-13,-2,-1,1,-4,20
70587401156,-5,-2,-15,-3,3,-5,-1,0
70587401917,-11,-10,14,-2,-4,-5,-1,-14
70587401917,-4,-2,12,-5,-4,-4,-7,17
70587417035,-7,-3,-19,-7,-6,7,0,14
70587417035,-6,0,-5,-1,-3,-2,2,-10
70587423017,-4,-2,13,-1,0,3,1,6
70587423017,-4,-4,-7,1,2,0,0,3
70587438035,-10,-4,-5,-2,1,1,-2,-13
70587438035,-1,-1,1,-1,-4,6,-1,5
70587453730,-9,-1,-11,0,0,-1,0,-2
70587453730,-3,-6,-1,2,7,2,-3,-5
70587461166,-9,2,6,-1,-3,-4,2,4
70587461166,2,2,-9,-1,-3,-5,2,13
70587461938,-4,-2,0,4,4,-3,-1,-10
70587461938,-7,-6,9,1,9,0,5,-7
70587475521,1,-1,-8,2,3,1,-4,19
70587475521,-3,-7,-9,-5,-1,-6,-2,0
70587491226,-7,-3,5,-3,0,-3,2,-13
70587491226,-2,3,7,-1,-7,0,-2,10
70587498024,-4,-6,-13,-6,-5,-4,-1,2
70587498024,-7,-4,-4,-1,1,0,-5,-10
70587506211,1,-2,8,-4,-3,-4,-6,-1
70587506211,0,-1,-7,-6,-8,-1,-5,6
70587529867,-5,-4,-1,-4,-6,4,2,0
70587529867,-4,1,8,3,0,0,4,-1
70587530597,6,3,2,-4,-8,1,-2,14
70587530597,-2,-4,-4,0,-3,-3,-1,-3
70587535492,-2,5,3,-3,-1,0,-3,-8
70587535492,-1,2,-3,-2,-7,2,2,10
70587543023,-10,-1,-11,-3,3,4,1,-2
70587543023,-3,3,2,-6,1,-5,1,-3
70587559549,-3,-1,5,1,3,-4,0,4
70587559549,4,2,-11,-5,-4,-2,-3,5
70587566158,-1,2,3,-1,1,-5,-3,-6
70587566158,0,-4,4,-1,-3,2,-1,-2
70587581194,1,0,-4,0,-3,-1,-2,7
70587581194,-3,0,0,4,-1,5,2,0
70587581962,-3,0,-1,-6,-2,0,0,-3
70587581962,-2,-2,-6,-3,-3,0,-4,9
70587597014,-8,-7,-10,-9,1,1,5,-1
70587597014,-8,-6,3,-5,0,-2,0,-7
70587602963,2,-3,1,-6,-5,-1,2,3
70587602963,-4,1,-10,7,1,-3,0,3
70587626859,-3,-4,5,3,-5,-1,-4,-10
70587626859,-6,3,5,-3,1,-5,-1,0
70587627631,4,-2,-10,2,-2,-1,0,17
70587627631,-8,2,-2,-2,1,-2,1,-9
70587641000,-7,-2,0,-3,-3,-4,-1,-3
70587641000,1,-4,-5,-4,-1,-1,-4,11
70587648686,-6,-3,-6,2,-3,-1,1,-7
70587648686,-9,-4,9,-2,5,-2,0,-6
70587663708,5,-3,9,-7,-2,-7,-5,4
70587663708,-3,-8,-9,-1,0,-2,-3,1
70587664450,-9,-3,9,-5,-5,-4,0,-9
70587664450,-1,-3,6,-4,-15,-3,-3,0
70587677996,-5,-6,-14,-6,-3,-6,-7,15
70587677996,-7,0,0,-7,0,-5,1,-12
70587686188,-5,-1,0,3,6,2,-4,-5
70587686188,4,-5,-6,-6,-9,2,-4,14
70587701176,-8,-8,-9,-2,-2,1,1,-2
70587701176,-6,-2,3,-2,-1,-1,-2,-9
70587701966,5,-5,10,2,-1,-5,-3,4
70587701966,0,-1,-7,-3,3,1,0,1
70587715539,-5,-1,-6,-1,4,-2,2,-4
70587715539,-8,-4,-3,-2,-4,-2,-6,3
70587723068,-5,2,-5,-3,2,2,-1,18
70587723068,-4,-2,-8,2,5,5,-4,-1
70587738010,-2,1,4,5,2,-2,1,-7
70587738010,-2,3,0,-3,-1,-4,-4,10
70587746204,-3,-3,-7,-5,-7,-1,1,-3
70587746204,-5,-3,5,1,-9,0,-1,-7
70587769389,1,2,4,-5,-14,0,-4,4
70587769389,-7,-7,-11,-3,3,4,0,2
70587770160,-6,-1,-6,-4,2,0,0,-7
70587770160,-7,0,12,2,-1,-7,2,0
70587775600,3,3,-4,1,-1,0,-1,17
70587775600,-2,-10,-7,3,2,0,1,-2
70587783053,-7,0,0,-5,-2,-3,-4,-9
70587783053,-5,2,-15,-6,-2,0,-4,16
70587797998,-4,1,-8,0,6,-2,0,-2
70587797998,0,0,7,-2,-8,-4,0,-10
70587806246,-1,2,2,-6,-5,-4,-5,3
70587806246,-8,-4,-14,-6,-3,-5,3,-3
70587821194,-6,0,4,2,5,0,1,-10
70587821194,-4,1,8,3,-1,2,3,3
70587822028,-5,-10,-18,1,3,6,1,18
70587822028,-2,-1,1,0,-4,-2,0,-13
70587835472,-7,-7,6,-8,-9,1,-3,-3
70587835472,8,-1,-9,1,5,-3,-3,20
70587843024,-7,-1,-6,-3,-1,-5,5,-4
70587843024,-8,-1,0,-6,-3,-1,0,-5
70587858031,0,1,2,5,2,4,-2,10
70587858031,-4,2,-11,-2,-4,-4,-1,-2
70587873736,-1,-2,8,2,0,1,-4,-8
70587873736,7,2,10,5,-3,3,-1,3
70587881126,3,-9,-13,-7,-3,-4,2,15
70587881126,-5,1,0,1,1,-1,-2,-8
70587881957,1,-1,11,6,6,3,2,-3
70587881957,1,-2,-6,0,4,-1,-4,16
70587895484,-6,0,-6,-4,-3,2,3,-6
70587895484,2,-3,3,-1,0,-1,-2,-7
70587902980,3,0,5,-1,-3,-1,-3,7
70587902980,-3,-5,-11,1,4,1,2,-2
70587918004,-4,0,-1,-3,5,-5,1,-5
70587918004,-2,-1,4,1,0,0,-2,4
70587926262,-6,-4,-10,-3,-4,-1,-3,11
70587926262,-2,4,1,0,4,-7,-2,-4
70587941200,-10,-7,3,-1,-1,2,1,-4
70587941200,-1,2,-2,-2,0,-2,0,13
70587941925,-2,-2,-7,3,1,0,-2,-4
70587941925,-3,-6,1,-1,0,-4,2,-10
70587955521,5,7,4,8,6,0,1,8
70587955521,-2,0,-6,-3,-2,8,0,-1
70587971656,0,2,-1,-2,-6,-4,-1,-7
70587971656,1,2,11,0,-5,0,0,4
70587979563,0,-4,-8,-1,-4,1,-4,9
70587979563,-3,-1,4,0,0,-3,-1,-7
70587986199,0,1,5,-3,-3,1,1,-2
70587986199,1,-2,-15,-1,-1,4,-1,17
70588001238,-11,-4,-4,-4,-7,-8,0,-6
70588001238,-4,-2,6,2,-2,0,2,-12
70588001982,1,-7,-7,-3,2,-3,-4,14
70588001982,-2,-5,-8,-2,0,-1,2,-2
70588015449,-4,-4,6,0,-16,1,-2,-13
70588015449,-2,-4,3,-7,-8,0,-7,4
70588023025,-9,1,-10,-7,-3,-1,-8,5
70588023025,-8,-2,5,-2,2,-2,1,-11
70588038005,-7,1,0,1,4,1,-4,1
70588038005,-1,-4,-10,-2,-1,-2,-1,17
70588046296,-6,2,-4,4,-4,-1,-1,-7
70588046296,-4,2,-1,-3,0,2,-4,-3
70588061210,1,-1,0,-5,-4,2,-5,11
70588061210,-9,-4,-11,-1,3,-4,2,-1
70588061956,3,-3,9,0,0,-5,0,-4
70588061956,2,-1,7,-1,-5,3,0,4
70588083652,-1,4,-11,-3,0,-6,-3,8
70588083652,-3,-2,2,-1,3,-3,-3,-11
70588084476,-4,-3,1,1,-6,-1,1,0
70588084476,1,-4,0,-2,-5,-1,-4,12
70588098007,0,2,-3,-1,-2,-1,0,-1
70588098007,-2,-1,4,-4,-4,-3,1,-8
70588114145,-5,-1,-1,1,-3,-4,2,5
70588114145,-4,0,-5,2,6,1,0,-2
70588121199,-6,-2,-2,3,12,2,-2,-5
70588121199,0,5,5,2,-2,-4,-2,7
70588122019,4,2,-10,1,-3,4,-5,8
70588122019,-7,-4,0,-1,-3,-6,-1,-7
70588135531,-2,-5,6,-2,-3,-3,-4,-1
70588135531,2,-1,-4,2,-1,2,-2,15
70588143103,-3,-2,-2,-3,3,0,4,-3
70588143103,-8,-3,5,-3,-4,-4,-3,-5
70588158004,0,1,0,-4,-8,0,0,6
70588158004,-9,-9,-9,-2,0,0,-3,-1
70588166297,-8,3,1,-2,-3,-1,-2,-4
70588166297,5,0,2,-4,0,-3,0,6
70588181181,-5,3,-7,-2,-3,2,0,6
70588181181,-11,-6,-1,-5,-3,-1,-7,-1
70588181943,-5,-2,7,-2,-4,2,3,0
70588181943,-6,-4,-9,-3,-3,1,2,14
70588195483,-10,-9,1,1,-7,3,3,-5
70588195483,-1,0,5,4,-1,0,2,-3
70588203001,0,-7,-9,-3,1,1,-1,14
70588203001,-11,-2,-12,-6,-6,-2,2,-4
70588219502,-3,-2,6,-1,3,-2,0,-6
70588219502,3,-4,-3,-6,-9,-2,-2,6
70588226271,1,-5,-14,-6,-8,-6,-1,1
70588226271,-3,-5,3,-1,0,-2,-6,-4
70588240580,-4,-3,2,-2,7,3,-1,3
70588240580,-4,-3,-16,-2,-5,-1,2,14
70588248796,-10,-4,-4,-2,8,0,3,-21
70588248796,2,-4,19,-1,1,-4,-3,-2
70588255533,3,-6,-55,-10,-1,2,-2,45
70588255533,-20,-5,11,4,4,-3,8,-76
70588271251,2,4,44,-2,-8,-9,-4,-16
70588271251,14,-2,-33,-1,-7,6,-7,60
70588278129,-18,-10,-15,0,14,-1,7,-62
70588278129,1,0,40,4,1,-3,-1,-27
70588286225,16,-1,-10,-1,-3,1,-9,56
70588286225,-12,2,-36,-4,4,-1,1,-26
70588300557,-9,-2,49,5,2,-4,-3,-56
70588300557,6,0,6,-1,3,3,-5,51
70588308754,-3,-1,-48,-1,4,6,2,28
70588308754,-13,1,27,4,5,-5,7,-65
70588323694,4,-2,25,-3,-7,0,-4,17
70588323694,9,-2,-41,-3,-5,8,-2,50
70588324506,-17,-3,-3,0,5,-2,4,-60
70588324506,-2,-3,29,-4,-7,-3,-6,-14
70588338134,14,1,-8,-5,-11,0,-7,45
70588338134,-6,-6,-31,-5,1,-1,1,-18
70588346334,-4,-4,26,6,5,0,-3,-30
70588346334,3,0,7,0,-3,2,-3,29
70588360591,-1,5,-28,-5,-4,-6,-7,17
70588360591,-13,-1,10,-2,-4,-3,-1,-32
70588368742,-2,1,9,-5,-9,0,2,1
70588368742,0,0,-21,-1,-3,7,-1,26
70588391963,-17,-5,-3,-3,-1,-1,1,-36
70588391963,2,0,12,1,2,-4,-2,-5
70588392677,4,-1,-10,2,5,-2,-8,28
70588392677,-9,-3,-15,-1,5,3,1,-17
70588397995,-3,1,17,7,6,3,2,-16
70588397995,2,-2,1,-2,-6,1,-4,17
70588406316,-7,-6,-12,-3,-4,1,0,3
70588406316,-10,-5,0,-2,-3,0,5,-27
70588429468,-1,-3,6,2,-2,-5,0,8
70588429468,1,4,-17,2,2,-3,-4,14
70588430212,-15,-10,-4,0,0,3,2,-25
70588430212,-3,-4,13,-3,-5,-5,-5,-3
70588443782,0,-2,-6,2,-1,6,3,14
70588443782,-2,-8,-10,0,11,0,0,-6
70588444520,-5,-5,4,0,2,3,-5,-7
70588444520,-4,-1,-2,-1,-2,-1,-3,7
70588458117,-2,-1,-12,-4,1,-4,-1,3
70588458117,-5,-4,8,-2,-3,1,-2,-11
70588466218,-4,-4,5,-3,-1,0,-1,3
70588466218,-2,-5,-8,1,3,-5,-1,11
70588480634,0,0,-3,-1,-5,-2,-1,-14
70588480634,-6,-5,1,-4,2,2,-1,-4
70588496911,1,2,-5,-3,-2,-1,-1,10
70588496911,-6,3,-3,2,0,0,0,-7
70588503740,-6,-9,4,0,1,-1,1,-2
70588503740,-1,-1,-5,1,2,-1,2,7
70588504469,1,1,-9,-4,-2,-2,1,-5
70588504469,-7,-3,3,-3,0,-3,-2,-10
70588518038,-5,4,-2,2,3,-2,-6,4
70588518038,-1,-2,-7,-5,-3,-3,-2,0
70588533718,-4,1,4,-1,-1,-2,-2,-10
70588533718,0,-2,0,2,-2,2,0,2
70588540551,-3,-7,-8,-3,-5,-4,-2,6
70588540551,-1,2,-1,0,0,0,2,-9
70588548787,1,-2,3,0,-4,1,-2,0
70588548787,1,0,-1,2,5,-2,0,2
70588563758,-8,-9,-4,0,-3,-3,1,-3
70588563758,-5,-4,1,-1,-3,2,-3,2
70588564510,-1,-1,-7,-7,-7,-4,-7,-3
70588564510,-3,0,4,3,4,-1,-3,-1
70588578092,-9,-8,-12,-7,-3,1,0,17
70588578092,-4,-5,-5,-3,0,-1,0,-10
70588586292,-3,-4,17,-4,-3,-4,0,-47
70588586292,6,-4,-7,-2,-8,-1,-4,64
70588600632,-2,3,-25,-6,-2,0,-6,15
70588600632,-24,-6,10,2,8,3,7,-69
70588608843,10,2,62,5,-6,-5,-2,16
70588608843,9,-2,-48,-1,-3,0,-9,71
70588623721,-16,-2,-28,-2,6,1,4,-38
70588623721,-4,-1,45,0,-7,-13,-2,-31
70588624465,13,-6,-39,-8,-7,2,-8,67
70588624465,-9,-7,-30,-8,-1,0,5,-26
70588639561,-13,0,42,2,-2,-6,1,-47
70588639561,23,-1,2,-7,-21,-3,-13,67
70588653802,-6,-4,-47,-1,9,0,3,20
70588653802,-17,0,23,-2,0,0,5,-62
70588669478,11,3,36,4,-1,-1,-3,21
70588669478,7,4,-38,-2,-5,3,-5,50
70588670209,-14,-3,-14,-3,-5,-2,6,-35
70588670209,-4,0,40,4,-2,-3,-1,-33
70588683717,5,1,-20,-10,-8,-1,-4,38
70588683717,-6,4,-24,0,-3,-2,3,-3
70588684607,-9,2,23,3,4,-4,7,-26
70588684607,3,-3,7,-5,-2,-7,-8,21
70588706906,-2,-9,-19,1,5,2,-2,13
70588706906,-12,0,1,1,1,0,0,-13
70588707647,6,0,17,-1,-2,3,-5,11
70588707647,0,1,-13,0,-3,4,0,10
70588720594,-7,2,2,2,-7,-4,-1,-19
70588720594,-7,-4,14,-6,-2,-2,0,-2
70588728810,-4,-3,-15,0,2,-1,-3,13
70588728810,-6,-2,-9,0,-8,-2,-5,-11
70588743748,-2,0,18,1,1,0,-2,-7
70588743748,6,3,-7,4,8,0,-2,19
70588744495,-2,-2,-12,1,-3,-2,-4,6
70588744495,-8,-4,7,-5,1,-2,3,-11
70588758044,0,-9,0,-9,-10,-6,-1,13
70588758044,-1,-8,-14,-6,-5,-5,-3,11
70588766220,-5,4,-3,0,4,-4,-2,-13
70588766220,-2,-5,9,0,4,-4,-1,2
70588780660,-4,-1,-8,7,5,2,0,6
70588780660,-5,-3,1,-1,1,-3,-2,-12
70588789500,-1,1,4,-3,-8,1,-1,0
70588789500,0,-3,-11,-3,-3,3,3,3
70588812017,-9,0,1,-5,0,-1,-3,-9
70588812017,-2,-6,4,1,2,1,1,1
70588813556,-3,1,-16,-1,4,-7,-3,13
70588813556,-6,-2,0,2,-1,2,-3,-10
70588818098,-1,-1,8,0,7,6,-1,-5
70588818098,-2,-5,-1,-4,-2,1,-1,16
70588827025,-7,0,-5,-1,-4,-5,3,-1
70588827025,-4,1,0,-7,-7,-3,-4,-6
70588840597,2,-3,-3,-4,-2,-4,1,2
70588840597,-6,-3,-11,-7,-13,-2,-1,2
70588849567,-9,-6,4,-2,-1,-1,-4,-2
70588849567,-5,-1,9,-2,-5,-5,1,2
70588863042,-1,-2,-6,-2,-3,1,-2,16
70588863042,-10,-4,-7,-1,5,5,-4,-2
70588878791,-7,-5,2,0,1,4,1,-7
70588878791,2,-2,2,-2,1,-1,1,13
70588879539,-13,-9,-11,3,3,2,0,1
70588879539,-10,-4,5,1,-3,-5,-3,-5
70588887045,-1,-2,2,-4,-1,-5,0,1
70588887045,-5,-5,-6,-7,-1,-4,-2,1
70588900640,-6,3,-3,0,1,0,-2,-4
70588900640,0,0,2,-3,-3,-3,1,3
70588909543,-5,-6,-9,-2,-6,-2,-2,17
70588909543,-2,1,-5,0,-3,1,-6,-1
70588923124,-7,0,4,-1,-4,-6,2,-1
70588923124,-1,1,-3,-4,-3,2,-6,13
70588932040,-4,-4,-6,-1,4,5,0,2
70588932040,-5,2,-1,5,3,-2,1,-9
70588947013,2,0,10,-5,-4,1,-2,2
70588947013,-6,-3,-9,0,4,4,-1,0
70588948483,-2,0,3,-6,-2,-4,-6,-3
70588948483,-7,0,4,-1,1,-5,-2,4
70588960659,2,-5,-9,-4,0,-2,0,15
70588960659,-4,-1,1,-2,-8,-5,-3,-3
70588969514,-14,-9,5,2,4,3,0,-4
70588969514,-1,-2,-2,-5,-5,2,-3,15
70588983143,-15,-4,-3,-4,-5,-4,-2,1
70588983143,-5,-2,4,2,-1,-2,1,-9
70588992018,6,-2,-5,-2,-6,3,-2,5
70588992018,-7,-3,-11,-4,-1,-1,-1,0
70588998070,0,6,3,-1,1,1,1,-9
70588998070,8,4,6,0,2,1,-3,4
70589007043,0,1,-8,-5,-9,-5,3,10
70589007043,-9,-6,6,-1,0,-2,2,-10
70589020552,6,-5,5,1,1,-3,-5,0
70589020552,1,-4,-9,-1,1,5,2,21
70589029498,-6,-1,-5,0,3,-6,0,-8
70589029498,6,0,6,2,2,0,-2,-8
70589051906,1,-2,-4,2,-5,-1,-4,11
70589051906,-3,2,-7,3,5,0,1,-3
70589053573,-5,-5,5,2,3,1,2,-3
70589053573,-1,-3,7,0,-3,-2,2,4
70589058118,-2,-5,-11,-3,-1,-3,0,9
70589058118,-3,-1,5,-2,-4,-4,-5,-10
70589067044,1,-1,6,-1,0,5,4,0
70589067044,-5,-1,-10,4,5,0,-2,18
70589080510,-2,-1,-1,-2,1,-1,-2,-5
70589080510,-2,1,1,1,-5,-2,2,-8
70589089530,2,-4,-2,1,-3,-6,-8,7
70589089530,-1,0,-8,-1,2,-1,4,-1
70589103184,3,0,2,1,2,1,-2,-3
70589103184,-7,0,5,0,2,-2,0,3
70589135469,7,0,-8,-1,-2,-2,0,5
70589135469,-4,-3,-3,-5,-10,-5,-4,-2
70589135519,-7,5,4,0,0,-2,0,0
70589135519,-3,-4,-5,-1,-3,5,-2,13
70589135563,-4,-2,1,-1,0,-2,-7,-1
70589135563,-3,-1,2,-4,-8,1,-1,-9
70589140563,4,-1,1,2,-3,1,-3,9
70589140563,-3,-4,-11,0,-2,-2,4,0
70589157190,-4,5,6,-1,-1,2,0,-8
70589157190,2,4,2,1,-2,-2,1,3
70589163028,-1,-4,-6,-2,0,1,0,5
70589163028,-2,-5,-3,-1,-5,-1,-2,-6
70589172050,-3,3,6,0,-2,-2,-1,-1
70589172050,-4,-6,-5,-2,3,4,-4,24
70589178096,-2,-2,1,-1,-5,-2,4,-6
70589178096,-2,3,7,0,0,-4,-1,-4
70589187029,-5,-2,-5,-1,3,5,-5,11
70589187029,-9,-4,-10,1,-1,0,7,-4
70589200656,-5,3,6,-1,0,2,4,-10
70589200656,-2,-4,6,-6,-3,-3,2,6
70589209562,-4,0,-6,0,3,-2,3,6
70589209562,-5,-2,-1,1,2,0,-3,-11
70589223136,-2,-1,4,-2,-7,-2,-4,2
70589223136,-4,1,-14,-4,-1,0,2,16
70589232127,-6,-4,-6,1,4,-2,4,-9
70589232127,-8,-4,7,-5,1,4,2,-5
70589246753,-2,-1,-6,0,-6,1,-2,12
70589246753,-4,-8,-7,2,5,1,-3,-3
70589270139,-6,-2,1,-2,-2,-3,-1,-12
70589270139,2,5,8,-1,-4,0,-1,5
70589270917,-1,-5,-14,-7,-3,-3,0,6
70589270917,-1,1,1,0,-6,-1,-3,-7
70589272449,-5,2,12,-3,-5,-5,3,3
70589272449,3,-5,-10,-3,0,1,-2,15
70589283137,-5,-2,-8,-2,2,-1,-3,-4
70589283137,-9,-2,5,-1,-1,-7,-3,-4
70589299586,-3,-3,-5,-7,-1,2,-4,12
70589299586,0,1,-13,-1,-4,-3,-2,-1
70589307013,-8,-1,0,-2,0,-3,-3,-9
70589307013,0,0,4,-3,-2,-8,-1,5
70589308595,-3,-4,-12,-5,-6,4,-4,4
70589308595,-6,-3,-3,1,2,1,1,-4
70589329523,-6,-2,12,-1,-5,0,-2,3
70589329523,-2,2,-1,2,5,2,-1,14
70589331019,-10,-3,0,-1,-3,-1,-2,-1
70589331019,-2,1,3,0,6,-5,-2,-7
70589351985,3,1,3,1,0,0,2,14
70589351985,-4,4,-8,2,1,3,-3,0
70589353585,-1,-4,1,0,1,-2,-2,-4
70589353585,8,8,0,1,-1,-5,0,5
70589366964,-3,-3,-13,2,-1,3,-3,2
70589366964,-2,-2,-3,-6,-5,1,1,-8
70589368512,-4,3,1,-4,-12,-1,-3,3
70589368512,-1,3,-11,1,1,0,0,12
70589381001,-3,-4,8,-1,7,-5,2,-6
70589381001,1,-2,6,-3,-5,-2,-4,1
70589397091,11,-4,-12,3,-1,-1,-3,18
70589397091,0,0,2,2,-5,0,-1,-2
70589403132,1,-2,2,3,0,0,0,-5
70589403132,3,-2,-4,-1,3,3,-7,5
70589412089,-5,-3,-7,4,2,-3,1,-1
70589412089,-7,-4,7,0,-3,-5,-5,-11
70589434520,3,-1,4,-3,-8,-4,-4,4
70589434520,0,0,-13,-5,-1,-4,1,14
70589436099,0,0,0,0,-2,2,3,-8
70589436099,-4,2,5,0,3,6,-4,-4
70589440633,3,4,-7,-5,-4,-1,-6,14
70589440633,-8,-6,-5,3,7,-1,1,-3
70589449559,-6,-1,8,-3,-4,0,-2,-8
70589449559,-2,-4,3,-7,-9,-1,-6,11
70589471923,-9,-1,-13,-3,5,-4,-4,-1
70589471923,-1,0,4,-1,-3,0,2,-8
70589473502,1,-2,5,5,1,2,0,3
70589473502,0,-3,-11,-9,-6,-9,-2,11
70589487041,-6,-4,-3,-2,-2,-7,3,-6
70589487041,-1,-2,5,-4,-3,-5,-3,-1
70589488517,-1,-1,0,-1,0,-5,0,15
70589488517,-3,-8,-7,0,-1,-2,-5,0
70589500577,-3,-3,-2,-6,-7,-1,-2,-5
70589500577,0,2,6,4,-4,-3,-6,12
70589509511,-1,-2,-9,-2,7,7,-5,-1
70589509511,-3,-4,0,0,4,-3,-1,-2
70589523202,-5,0,7,3,5,0,3,4
70589523202,-3,3,-4,-2,-6,1,-1,11
70589549274,-3,-5,-4,1,-6,-1,-3,-3
70589549274,-6,-5,10,-5,-9,-4,5,-2
70589549936,-1,-3,-5,-1,-2,4,-1,14
70589549936,-8,-3,-6,-1,2,2,-1,-2
70589553087,-7,-1,-2,2,0,-2,1,-4
70589553087,0,-5,0,-6,-9,1,-2,10
70589560558,-2,-4,-6,0,1,-2,-1,0
70589560558,-7,-2,7,4,4,-4,-2,-12
70589569566,3,0,5,-7,-7,-3,2,2
70589569566,-4,-3,-18,1,1,-1,1,10
70589583558,-8,0,3,-5,-8,4,0,-14
70589583558,0,0,10,0,-1,4,-2,-1
70589592127,-6,2,-8,-6,0,2,-3,17
70589592127,2,0,-2,3,-2,-3,4,-8
70589606913,-5,-2,4,1,6,-3,0,-4
70589606913,4,-2,-2,-4,-2,2,2,11
70589608516,-5,2,-12,-2,5,-3,1,-3
70589608516,-9,-4,3,-7,-3,-1,2,-9
70589620590,2,4,6,-3,-6,-4,-6,4
70589620590,-3,-2,-13,-5,-5,-1,0,7
70589635595,-4,3,1,-3,-3,1,2,-7
70589635595,-6,1,0,0,-6,-1,-5,0
70589643097,0,-3,-7,-1,-6,-4,-1,20
70589643097,-10,-5,-9,-3,4,-3,0,-2
70589652095,0,-3,11,1,0,-3,3,-9
70589652095,7,2,-1,3,0,3,-3,14
70589674490,-10,-3,-11,-1,3,2,0,-1
70589674490,-5,-5,-1,-6,-5,-1,-3,-10
70589676074,3,4,10,6,3,-3,-2,4
70589676074,-1,0,-9,-4,4,0,-1,7
70589680592,-3,-5,-1,2,0,-4,2,-5
70589680592,1,1,5,2,0,1,-3,1
70589689590,-1,1,-5,-2,-4,-2,-9,18
70589689590,-8,-3,1,-1,-4,3,-1,-1
70589711927,-8,-3,2,1,3,2,-2,-5
70589711927,-1,-1,-1,-4,-8,-4,2,10
70589713555,-7,-6,-9,4,7,1,0,-1
70589713555,-1,-5,-1,-1,5,1,-1,-7
70589726935,-1,-6,9,-7,-7,-2,-7,5
70589726935,-3,0,-7,0,3,-1,0,6
70589728537,-3,-6,-3,-4,-2,-3,-1,-5
70589728537,-5,5,8,6,8,-4,1,-1
70589740622,3,2,-9,1,-1,5,1,15
70589740622,-1,-1,-6,3,-3,2,5,0
70589749544,-7,-6,1,-7,-6,-6,-2,-6
70589749544,3,-6,-2,2,-6,0,-3,11
70589763100,-3,-4,-12,0,4,2,0,0
70589763100,-5,-1,0,0,0,1,-2,-9
70589772104,7,1,5,-2,-9,3,-1,7
70589772104,-1,-4,-15,-3,-1,-6,-1,6
70589787012,-2,-1,7,0,-4,-2,2,-18
70589787012,-2,-1,6,-2,-5,-4,0,3
70589788572,-2,-2,-14,-3,2,-2,-2,11
70589788572,-1,3,4,-3,-2,-1,1,-10
70589800593,-5,-4,6,-1,-3,1,-4,-2
70589800593,7,3,-7,2,2,1,-5,13
70589825311,-9,-4,-12,1,0,-2,2,-4
70589825311,-2,4,6,-1,4,-3,-3,-7
70589826108,1,3,6,3,-1,-1,-1,7
70589826108,-3,-7,-9,-1,0,2,-2,2
70589832038,-8,-7,-1,-3,1,-1,1,-3
70589832038,3,1,6,-3,-4,-1,-2,2
70589846960,-2,-1,-10,-4,1,1,-1,15
70589846960,-7,1,-2,-3,0,-1,-2,-7
70589848547,-3,-2,1,-1,-5,-1,-4,-5
70589848547,-2,-1,-3,1,0,0,-3,16
70589860732,-9,-3,-12,-6,1,-5,-6,-1
70589860732,-8,-5,5,-5,1,-3,-4,-10
70589869579,1,0,4,3,1,2,-2,5
70589869579,-7,-3,-8,-6,-6,0,-3,1
70589883049,-2,-2,2,2,-1,2,3,-3
70589883049,-5,1,3,0,-2,-2,-3,3
70589892122,2,2,-3,2,-4,-2,0,13
70589892122,-3,-3,-1,-4,-4,3,0,-3
70589907037,-3,-2,2,-3,-3,1,0,-6
70589907037,-7,-7,1,-1,-4,-2,0,12
70589908585,-5,-5,-4,0,5,1,0,-1
70589908585,-7,-11,2,-1,-2,-2,-3,-9
70589920687,-5,-3,6,-5,3,-5,-3,6
70589920687,-4,-7,-12,0,2,3,2,1
70589929571,-5,0,0,-3,0,-5,0,-5
70589929571,-7,-5,4,1,3,-2,1,3
70589952039,-1,4,-9,-4,-5,3,1,14
70589952039,-3,-2,3,-2,0,-1,-1,-5
70589953604,-7,3,4,6,7,0,-1,-4
70589953604,3,-2,-3,0,9,4,1,16
70589967005,-6,-3,-9,-1,3,0,3,-4
70589967005,-8,-2,3,0,-4,-6,2,-5
70589968538,8,-1,-8,-6,2,1,-2,6
70589968538,-11,-6,-14,-7,0,-6,-4,-2
70589989515,-9,-5,2,-5,-2,-2,6,-8
70589989515,3,5,7,5,4,1,-2,3
70589991050,1,-3,-9,-5,-9,-1,-1,12
70589991050,-7,-2,-1,-2,-5,-1,2,-8
70590003128,6,2,5,6,0,1,-2,-3
70590003128,-2,-3,-6,-10,-3,-5,-3,14
70590012409,-8,-1,-5,-3,1,-1,4,-4
70590012409,1,-1,5,-3,-11,-2,0,-10
70590027012,0,2,-1,1,-5,-3,-6,7
70590027012,-8,-4,-12,0,-2,5,3,-2
70590028561,-3,2,11,5,-3,-3,-1,-2
70590028561,-3,4,7,-3,3,3,-1,4
70590040621,-7,2,-11,-2,2,-2,-4,14
70590040621,0,0,0,-3,-2,-2,1,-6
70590049587,-11,-8,3,-5,-4,1,-1,-3
70590049587,-5,-1,-7,2,0,-2,-4,13
70590063150,-5,-4,-4,-2,-3,-2,0,-9
70590063150,-4,2,7,-1,5,0,-3,-8
70590072109,0,0,5,-6,-11,0,-4,8
70590072109,4,2,-10,2,-5,-1,-1,-1
