1532467029736,4,1,-1,-3,-3,20,2,1
1532467029741,-6,-2,-2,3,-6,-75,-12,-8
1532467029746,0,-3,2,1,7,54,4,-2
1532467029751,1,0,-2,-3,-4,1,-24,3
1532467029756,-3,0,-1,2,0,-5,19,0
1532467029761,3,1,0,-3,-4,-25,-8,-3
1532467029766,4,-2,-3,1,6,17,10,7
1532467029771,-3,-3,3,-1,-8,-30,-7,-6
1532467029776,-4,0,-8,-2,1,11,-4,3
1532467029781,14,0,-6,-1,-7,-23,-2,2
1532467029786,-13,-1,-6,-2,-3,-8,-8,-3
1532467029791,4,-2,-1,1,3,28,3,1
1532467029796,-1,-2,-3,0,2,-7,2,-2
1532467029801,-10,-1,0,0,5,14,2,1
1532467029806,8,1,-6,-3,-2,19,2,1
1532467029811,5,2,0,3,-10,-58,-8,-1
1532467029816,-25,-1,-2,-4,2,10,-1,-2
1532467029821,9,-2,-1,-2,1,21,-11,-4
1532467029826,4,-4,1,0,-2,-4,6,1
1532467029831,-2,-1,0,-1,-7,-10,2,2
1532467029836,3,0,0,0,1,-10,-5,-2
1532467029841,-11,-4,-2,-3,1,-1,3,-4
1532467029846,0,-2,2,0,-5,14,-6,-1
1532467029851,-8,-3,-5,1,6,4,7,-5
1532467029856,7,-2,-5,-4,-8,-13,-10,-1
1532467029861,-2,-2,0,-2,-4,-22,-14,-3
1532467029866,1,-2,1,-1,-1,33,26,-3
1532467029871,2,2,2,0,5,-19,5,2
1532467029876,2,-1,-2,2,-2,46,11,2
1532467029881,-6,0,-2,-4,-4,-45,-12,-3
1532467029886,0,0,1,-2,-4,-4,-5,0
1532467029891,0,-4,-2,-3,-4,-10,-4,0
1532467029896,-1,1,3,-2,4,19,4,-3
1532467029901,-3,-4,-2,3,1,7,2,-1
1532467029906,2,1,1,3,4,3,-4,1
1532467029911,-6,0,0,-3,-3,4,12,-1
1532467029916,2,-2,1,1,4,-8,-6,0
1532467029921,-3,1,-2,-1,-7,-7,1,-5
1532467029926,1,0,2,1,0,-8,-1,2
1532467029931,1,-2,-2,0,0,8,12,-2
1532467029936,-2,-4,1,-1,0,4,-10,-6
1532467029941,2,1,0,0,2,1,17,7
1532467029946,0,1,-1,0,-1,-6,-7,-3
1532467029951,5,1,-3,-3,1,22,-6,-1
1532467029956,-5,-1,0,-2,-9,-50,-7,-2
1532467029961,-3,-3,-3,-1,3,18,6,-1
1532467029966,-3,-3,0,-2,-5,-12,-8,-4
1532467029971,0,-1,-1,1,2,4,-5,0
1532467029976,2,0,0,-4,-2,16,0,-1
1532467029981,0,-2,0,5,9,8,5,1
1532467029986,-2,-2,-8,-4,-3,-11,-2,0
1532467029991,-3,-1,-1,-2,-6,-9,-6,-2
1532467029996,3,0,1,0,9,18,0,1
1532467030001,3,0,-2,-4,-5,1,10,0
1532467030006,0,0,-1,0,-2,-14,-6,-3
1532467030011,0,-1,0,0,3,20,7,1
1532467030016,0,-1,-4,-4,-11,-26,-21,-5
1532467030021,-2,1,1,0,4,-15,9,2
1532467030026,-3,-2,0,0,0,-6,-8,-6
1532467030031,0,-2,-2,-3,-4,-11,-11,-2
1532467030036,0,-2,-2,-1,-2,10,-27,1
1532467030041,1,0,0,2,3,13,33,3
1532467030046,1,-1,0,-1,-5,-23,-1,1
1532467030051,0,-2,-2,2,2,21,8,-1
1532467030056,1,-1,-1,1,-1,26,0,-1
1532467030061,-1,-2,-1,-4,-11,-56,-32,-2
1532467030066,0,0,-2,0,11,64,25,2
1532467030071,-3,-2,-4,-2,-2,12,-11,0
1532467030076,0,0,0,1,3,-4,15,1
1532467030081,-1,-1,0,0,0,3,-9,-1
1532467030086,-2,-2,1,1,-4,-10,-1,-2
1532467030091,-2,1,-2,-1,-6,-12,-5,-1
1532467030096,0,-2,-2,-2,-4,-28,8,-3
1532467030101,-2,-6,0,0,4,28,6,0
1532467030106,-1,-2,0,-4,-5,-20,-25,-1
1532467030111,1,-3,0,1,6,21,5,-2
1532467030116,0,-2,0,1,-2,-17,11,-1
1532467030121,0,2,0,-1,-3,-19,-18,-2
1532467030126,0,1,1,1,4,21,-1,1
1532467030131,-1,0,0,-3,-5,-45,-6,-1
1532467030136,-1,1,0,-1,5,19,10,0
1532467030141,0,-2,-4,-3,-8,8,-11,-2
1532467030146,-2,3,0,1,-1,-23,14,1
1532467030151,0,2,0,-1,0,14,-1,-2
1532467030156,-1,3,0,-2,-2,9,6,2
1532467030161,1,6,1,0,0,4,1,-1
1532467030166,-5,0,-2,-1,-2,-20,-10,-1
1532467030171,-1,-1,-2,-2,-3,0,8,-2
1532467030176,1,3,0,-1,0,-4,-4,2
1532467030181,0,3,-1,1,3,23,0,-3
1532467030186,0,-1,-1,-1,-5,-9,0,-3
1532467030191,-1,0,0,0,-1,-9,1,-1
1532467030196,-1,-3,-1,-2,1,6,-6,0
1532467030201,0,-3,-2,-4,-8,-52,-6,-1
1532467030206,2,-3,1,3,6,24,7,-2
1532467030211,-2,-4,-2,1,-1,-5,-7,-1
1532467030216,0,-3,-2,-2,-3,3,5,-1
1532467030221,-3,-4,-1,0,2,3,0,-4
1532467030226,-1,0,-3,-2,-5,-7,-3,-1
1532467030231,0,0,-1,0,2,1,-4,0
1532467030236,-1,2,0,2,1,-7,1,0
1532467030241,0,1,-2,-1,3,12,-2,1
1532467030246,-4,0,-1,-2,-3,4,2,-2
1532467030251,1,2,-1,-1,-1,-2,0,0
1532467030256,-1,0,-1,-2,1,-3,-4,0
1532467030261,-2,0,-1,2,-1,16,4,0
1532467030266,1,0,-2,0,2,-1,0,-2
1532467030271,-2,-1,-2,-7,-8,-13,-4,-3
1532467030276,0,-1,0,-1,-2,-1,2,-1
1532467030281,-1,0,1,0,1,12,2,2
1532467030286,1,0,-1,1,-1,-2,-5,0
1532467030291,-2,-2,0,-2,-2,-5,-2,-3
1532467030296,1,-1,1,3,3,3,0,0
1532467030301,-2,-2,-2,-6,-7,3,-2,-3
1532467030306,0,0,1,-2,3,-2,-3,-2
1532467030311,-1,-1,-2,0,-3,3,0,-1
1532467030316,0,1,0,3,1,0,3,0
1532467030321,-1,-1,1,1,1,6,1,1
1532467030326,0,-1,-2,-3,-4,-1,2,0
1532467030331,-2,-2,-1,-3,-1,-1,-2,-1
1532467030336,-3,-2,-2,0,-1,-3,-1,-3
1532467030341,-1,-3,-2,-2,-4,-1,1,-2
1532467030346,-1,-1,-1,0,1,1,0,-1
1532467030351,0,0,1,3,3,0,1,-1
1532467030356,-2,-1,-1,-4,-4,-3,-2,-1
1532467030361,0,-1,-1,-1,-1,3,0,-1
1532467030366,-1,-1,-2,-2,1,-1,-2,0
1532467030371,1,0,-2,-1,-2,-2,0,1
1532467030376,-2,-2,0,0,1,-1,1,-4
1532467030381,-2,0,-1,-1,0,2,1,1
1532467030386,-1,-3,-1,0,-1,-1,-2,0
1532467030391,0,-1,1,1,5,-2,0,-2
1532467030396,-1,-1,-2,-5,-8,-2,-2,-4
1532467030401,1,0,1,0,8,3,1,-1
1532467030406,0,-2,-2,-4,-11,-2,-1,-1
1532467030411,-1,-1,0,0,-1,-2,1,0
1532467030416,1,0,-1,1,2,-1,-1,0
1532467030421,-2,1,0,2,4,2,-1,-1
1532467030426,-1,0,-3,-5,-9,-4,1,-2
1532467030431,-1,-2,-1,-3,-3,-1,-2,-1
1532467030436,-3,0,-1,0,1,-1,-1,-1
1532467030441,-1,-3,0,-1,-7,-1,-1,-3
1532467030446,0,-1,0,2,6,3,1,0
1532467030451,0,-1,-2,2,2,1,-2,-1
1532467030456,-1,-2,2,-1,-3,-1,-4,1
1532467030461,-2,0,1,-1,-1,-2,-2,-1
1532467030466,-1,-2,0,2,-2,2,1,1
1532467030471,-2,-1,-2,-2,0,0,1,0
1532467030476,1,-2,-2,2,6,3,0,1
1532467030481,-1,0,-2,-1,-5,0,0,-1
1532467030486,-2,0,-1,-2,3,-1,0,0
1532467030491,-1,-2,-3,-6,-5,-3,-1,2
1532467030496,1,-1,-2,3,5,-1,1,0
1532467030501,0,-2,-1,-4,-9,-5,-2,1
1532467030506,-1,1,-2,1,1,0,1,-3
1532467030511,0,0,2,2,1,2,-1,-2
1532467030516,-2,-2,-1,-2,-2,-3,1,-4
1532467030521,0,-2,-6,3,2,2,-2,2
1532467030526,-1,0,5,0,0,-1,-1,-2
1532467030531,0,-1,-6,-5,3,-3,-3,-2
1532467030536,0,-2,0,-2,-6,-1,-3,1
1532467030541,-1,-3,0,4,2,2,0,-2
1532467030546,1,1,6,2,0,1,-2,0
1532467030551,-2,-5,-7,0,-1,-1,-2,-4
1532467030556,-1,0,-1,-2,1,1,1,1
1532467030561,-1,-1,5,-2,-1,-3,0,-1
1532467030566,-1,-2,-3,0,-3,-3,-1,-1
1532467030571,-2,0,4,4,-3,2,2,1
1532467030576,-1,0,-3,-2,3,-2,0,-2
1532467030581,-1,1,0,-2,-3,1,-1,-4
1532467030586,0,0,0,0,2,-1,-1,-2
1532467030591,-1,0,4,-1,-5,-4,-2,1
1532467030596,0,-2,-9,-4,-2,1,1,2
1532467030601,-1,1,1,-1,3,4,1,2
1532467030606,-2,-1,-3,-1,-1,-9,-5,0
1532467030611,0,0,4,2,0,1,0,-1
1532467030616,0,1,-6,-2,-3,-3,-2,1
1532467030621,-1,-1,-2,-3,-1,-5,0,-1
1532467030626,0,-1,-5,-1,-3,2,0,0
1532467030631,0,-1,1,2,9,4,0,0
1532467030636,0,-1,1,-3,-11,-5,-3,-1
1532467030641,0,1,-2,1,0,0,0,-1
1532467030646,0,1,1,0,4,1,1,-4
1532467030651,-2,-1,-3,-3,-3,-1,0,0
1532467030656,-2,-3,0,2,-2,1,-2,-2
1532467030661,-1,1,3,-1,0,-1,-2,-1
1532467030666,-1,-2,-6,2,-2,3,2,1
1532467030671,1,0,-5,-3,-3,-5,-2,1
1532467030676,0,1,-4,-3,0,-4,-4,-1
1532467030681,-1,1,1,-2,-2,-2,0,-2
1532467030686,-1,3,2,-2,0,-6,0,-3
1532467030691,0,2,-2,-2,-3,6,-2,-3
1532467030696,0,1,5,5,5,13,3,0
1532467030701,0,-5,-4,-3,-4,-32,-3,-2
1532467030706,-1,-7,-4,-5,-2,42,1,2
1532467030711,-1,-1,0,-1,-3,-29,-3,0
1532467030716,-1,-3,4,2,1,7,-1,-3
1532467030721,1,-2,-2,0,2,6,-2,-1
1532467030726,-1,-2,-1,1,0,-14,0,-2
1532467030731,1,-1,3,2,-1,5,1,1
1532467030736,-3,0,-1,-2,-1,-3,-1,-2
1532467030741,-1,-3,-6,-2,1,4,1,-2
1532467030746,-2,-2,1,-2,-6,-13,-5,-4
1532467030751,-1,-1,-1,0,1,9,2,-1
1532467030756,-1,0,0,2,-1,-5,1,0
1532467030761,-2,0,-3,-1,-2,2,0,2
1532467030766,2,1,-1,0,1,-3,-2,1
1532467030771,1,-1,1,-2,-2,0,-1,-1
1532467030776,0,1,-2,-1,1,-1,0,0
1532467030781,0,0,2,-1,2,3,-1,-3
1532467030786,0,-3,-6,-5,-2,-3,-1,0
1532467030791,-1,-2,-5,-1,-2,-2,-2,-2
1532467030796,-1,-1,-2,-4,-5,-3,2,1
1532467030801,0,-2,3,1,-1,4,-2,-2
1532467030806,-1,0,1,1,0,-4,-1,0
1532467030811,-1,-1,-2,1,5,-3,-3,-2
1532467030816,0,1,0,-4,-9,-3,-2,0
1532467030821,0,1,-1,0,0,2,0,2
1532467030826,-1,-2,-1,-2,0,-3,1,-1
1532467030831,0,-1,0,0,-2,0,0,-1
1532467030836,-1,-1,3,3,3,-3,-1,1
1532467030841,-1,0,-3,-2,-3,-1,0,2
1532467030846,-1,0,0,-1,-3,-4,-1,-1
1532467030851,-2,-1,0,0,2,4,-1,-2
1532467030856,0,-2,-2,-2,-4,-4,-2,0
1532467030861,0,-2,-2,-1,3,2,-1,-2
1532467030866,0,0,1,0,2,-1,-1,0
1532467030871,-2,-2,-4,-4,-4,1,-1,-2
1532467030876,0,0,-2,-1,0,-2,0,-2
1532467030881,1,-1,-1,-1,-2,2,1,0
1532467030886,-1,-1,-1,1,-2,0,-2,-3
1532467030891,0,0,2,0,-2,0,0,1
1532467030896,-1,-1,0,2,1,0,-1,-2
1532467030901,-1,-1,-1,-1,0,-2,-1,-1
1532467030906,0,0,0,-3,-4,-3,-1,0
1532467030911,-1,-1,-2,-2,-3,-2,-1,-2
1532467030916,-1,0,1,-1,-1,-1,0,0
1532467030921,-1,0,0,1,1,-1,-2,-4
1532467030926,0,-1,-1,2,3,2,-1,-1
1532467030931,0,1,3,1,-2,-3,-2,-2
1532467030936,0,-1,-6,-3,-1,1,0,-2
1532467030941,1,0,-2,-1,-5,-3,-1,-1
1532467030946,0,-2,-2,-1,1,-1,-1,0
1532467030951,0,-1,-3,-2,-2,-1,-1,0
1532467030956,-2,0,4,3,0,1,0,1
1532467030961,-1,-1,-3,0,0,-1,0,0
1532467030966,-1,-2,-3,0,-1,-3,0,-1
1532467030971,0,-1,0,0,-1,0,-1,-1
1532467030976,-1,-1,-1,0,-1,-3,-3,-3
1532467030981,-1,-1,-1,-1,1,0,0,2
1532467030986,0,0,0,0,0,0,0,-1
1532467030991,0,-1,-2,-2,-1,-2,2,-1
1532467030996,0,-1,0,-2,0,0,0,1
1532467031001,-2,0,1,0,-2,-2,-2,-4
1532467031006,-2,-1,-1,0,-1,0,0,-2
1532467031011,-1,0,0,-3,-1,-1,1,0
1532467031016,1,0,-1,0,-2,0,1,-1
1532467031021,1,0,2,2,0,-1,-1,0
1532467031026,-1,-2,-2,-1,-1,0,-1,-1
1532467031031,-2,-4,1,0,4,-1,-2,-1
1532467031036,0,-1,3,-3,2,-1,0,-2
1532467031041,-2,-3,-8,-3,-1,0,0,-1
1532467031046,1,1,3,2,-1,-1,0,1
1532467031051,0,-1,-3,-3,0,2,-1,-1
1532467031056,1,0,0,-1,-1,-2,-2,-1
1532467031061,-1,0,0,0,-1,0,-1,0
1532467031066,0,0,-1,-2,-2,-3,0,1
1532467031071,-1,-1,-1,0,0,-2,0,-2
1532467031076,-2,-1,-2,-1,2,1,-2,0
1532467031081,-1,-1,-1,-2,-1,-1,-2,-2
1532467031086,-1,-1,-1,-2,0,0,0,-1
1532467031091,0,0,1,1,-2,0,0,-1
1532467031096,-1,-2,-4,0,-1,-2,0,-1
1532467031101,1,-2,-1,0,3,0,0,0
1532467031106,-2,-1,-1,-3,-7,-3,-4,-2
1532467031111,0,1,-2,-1,0,2,0,-2
1532467031116,-2,-1,-1,-5,-3,-3,-2,3
1532467031121,0,1,-1,0,-2,-2,-1,-1
1532467031126,-1,-1,3,-1,0,1,-2,1
1532467031131,-1,-3,-2,2,0,0,0,2
1532467031136,-1,-2,-1,1,-4,-3,-2,-2
1532467031141,-1,1,5,3,-1,0,0,-1
1532467031146,0,-1,-5,-4,2,-1,-1,-3
1532467031151,0,1,0,0,0,0,-1,-2
1532467031156,0,-2,-1,1,-1,-1,1,0
1532467031161,-1,-2,-4,-4,-1,-2,-1,1
1532467031166,-1,-1,-1,-1,-1,-2,0,-1
1532467031171,-1,-1,-1,-1,0,-3,-1,-1
1532467031176,-1,-1,-1,-1,-1,-1,-2,-2
1532467031181,-2,0,1,1,-2,1,-1,-3
1532467031186,0,0,-2,0,1,0,-1,3
1532467031191,-2,-1,-2,-2,-1,-4,-1,0
1532467031196,-1,0,0,2,1,-1,-1,-2
1532467031201,-2,0,-1,-1,-3,-2,-1,-2
1532467031206,1,-1,-2,0,-1,-2,0,-1
1532467031211,0,-1,5,0,-1,-1,-1,-1
1532467031216,-1,-2,-10,-2,-2,-2,-2,1
1532467031221,-1,-2,-1,-1,-2,0,1,-1
1532467031226,-3,1,0,1,-1,-3,0,-2
1532467031231,-1,0,1,0,2,-2,-2,1
1532467031236,0,-2,6,1,1,0,1,0
1532467031241,-2,-1,-7,-6,-3,-1,0,-2
1532467031246,-1,-1,3,0,0,0,-1,-1
1532467031251,-1,0,-2,1,-1,2,3,-1
1532467031256,-1,-1,0,-2,0,0,-1,2
1532467031261,0,-1,-1,-3,-1,-3,-1,-2
1532467031266,-2,-1,2,1,-3,0,0,-1
1532467031271,-1,-1,-1,-1,-1,1,1,-1
1532467031276,0,-1,-1,1,-2,0,-1,-2
1532467031281,1,0,2,1,1,-1,0,1
1532467031286,-1,0,-2,-3,-2,-3,-2,-1
1532467031291,1,-1,-3,-1,0,-1,-1,-1
1532467031296,0,0,-1,-1,0,-1,1,-1
1532467031301,0,0,1,1,0,-2,1,1
1532467031306,-1,-1,1,0,1,1,1,-3
1532467031311,-1,-1,-9,-3,-4,-2,-2,0
1532467031316,0,0,-1,-2,0,-1,-1,-1
1532467031321,-3,-3,-1,-1,-2,-2,-2,-2
1532467031326,0,-1,-2,-1,-2,-3,0,0
1532467031331,-2,-2,3,0,-1,-1,-1,1
1532467031336,-2,0,-2,-1,-2,-2,0,-2
1532467031341,-1,0,-1,0,1,-1,-1,-1
1532467031346,-2,-2,-1,0,1,2,3,0
1532467031351,-1,0,0,-2,-1,-2,-2,-2
1532467031356,-2,-1,-2,-1,-1,-3,2,-2
1532467031361,1,0,2,1,-1,0,-2,0
1532467031366,0,-1,-2,-1,0,4,1,0
1532467031371,-1,0,1,-2,0,-1,0,-1
1532467031376,0,-2,-1,-2,-1,-3,0,0
1532467031381,-2,-1,-3,-1,-3,0,-4,-2
1532467031386,-1,1,-2,-1,1,0,0,0
1532467031391,0,-1,0,1,0,0,0,1
1532467031396,-1,1,4,0,1,-1,-2,-1
1532467031401,-1,-1,-6,-1,1,-2,-2,-1
1532467031406,0,-1,-1,0,-3,-2,-2,-2
1532467031411,-1,-1,0,0,0,0,0,-1
1532467031416,-1,-1,-3,-1,-2,0,-1,-1
1532467031421,-1,-1,0,-2,-1,0,1,-1
1532467031426,-2,-3,-1,-1,-1,-3,-4,0
1532467031431,-2,-1,-5,-2,-2,-3,-1,-1
1532467031436,1,0,0,0,-1,1,-1,-2
1532467031441,0,-2,1,0,0,0,0,0
1532467031446,-1,0,-2,-3,0,-3,-3,-4
1532467031451,1,0,0,-1,-3,-5,-1,-1
1532467031456,-1,-1,-1,0,1,2,1,0
1532467031461,-2,1,1,0,-2,0,0,-1
1532467031466,-1,0,-1,1,0,-1,-3,1
1532467031471,-2,-2,-2,-2,-3,-4,-2,-4
1532467031476,-1,0,0,-1,-2,0,-1,1
1532467031481,-1,0,0,-1,1,-2,1,0
1532467031486,1,-1,0,2,-2,-2,-2,-2
1532467031491,-1,-2,-2,-3,0,-1,-3,0
1532467031496,0,0,1,-1,-3,0,-1,-1
1532467031501,-1,-1,-1,-2,-1,1,-2,-1
1532467031506,-1,-1,0,-2,-2,1,1,0
1532467031511,0,0,5,1,0,1,0,-1
1532467031516,-2,-1,-8,-2,0,-3,-1,-2
1532467031521,0,-2,0,-1,-1,0,0,0
1532467031526,-1,-1,-1,0,0,-4,-2,6
1532467031531,-2,-1,0,0,1,0,0,17
1532467031536,-2,0,0,-1,-3,0,-2,7
1532467031541,0,-1,0,0,3,1,1,4
1532467031546,-1,-2,-2,-3,-2,-3,-2,-8
1532467031551,0,-1,0,1,-2,-3,-1,-11
1532467031556,0,-2,-1,-2,-2,0,0,-7
1532467031561,-2,0,-2,-2,0,1,0,-4
1532467031566,0,0,0,0,1,2,0,-4
1532467031571,0,1,-3,1,-1,-2,-3,-5
1532467031576,0,1,0,-1,2,-3,1,-3
1532467031581,-1,0,-2,-1,-1,-1,-1,-5
1532467031586,-1,-1,0,1,0,2,-1,0
1532467031591,-1,-2,1,-2,-2,0,3,-2
1532467031596,0,-2,-2,-2,-2,-2,-2,-1
1532467031601,1,-3,-1,0,-1,1,0,0
1532467031606,-1,-2,-2,-2,-2,-3,0,-1
1532467031611,1,0,-1,0,-1,2,-2,-2
1532467031616,-1,-1,0,1,2,3,1,-1
1532467031621,0,-2,0,-1,-2,-2,0,1
1532467031626,-1,0,-3,-3,1,-2,-1,-2
1532467031631,1,0,0,1,-1,-2,0,-1
1532467031636,0,0,0,0,-1,-2,-3,-1
1532467031641,0,0,-1,0,2,-1,0,1
1532467031646,0,-1,-2,-1,-1,1,1,0
1532467031651,-2,0,-3,-3,-3,-1,-2,-1
1532467031656,-2,0,-1,-1,-2,-1,0,-2
1532467031661,-2,-1,-1,-1,-1,2,1,-1
1532467031666,0,0,-1,0,1,-2,-2,4
1532467031671,0,-1,2,-1,0,0,-2,-2
1532467031676,-1,-1,0,-1,-2,-2,0,0
1532467031681,-2,-1,-2,-1,-1,-2,-3,-1
1532467031686,-2,-2,-2,-2,-2,-3,1,0
1532467031691,0,0,-1,1,-2,-1,1,-1
1532467031696,0,-1,0,-1,0,0,0,0
1532467031701,-1,0,-1,-1,-2,0,-2,-1
1532467031706,-1,-1,0,-1,-1,-1,0,-1
1532467031711,-1,-1,-2,0,0,-1,2,1
1532467031716,-3,0,0,1,1,-1,2,0
1532467031721,0,0,-1,-2,-4,-2,-1,-1
1532467031726,-2,0,0,-2,-3,-1,-3,-2
1532467031731,-1,1,1,-1,4,1,0,-1
1532467031736,-2,0,-1,-1,0,-1,-2,-2
1532467031741,-2,2,-1,-1,-1,0,-2,-1
1532467031746,1,0,-1,-1,-2,-1,-1,2
1532467031751,-3,-2,-2,-3,-2,-1,0,-1
1532467031756,2,-2,-2,-2,0,-1,-1,0
1532467031761,-1,0,1,0,-1,-1,1,-2
1532467031766,1,0,-1,-1,-1,-2,0,-1
1532467031771,-1,-1,-2,-3,1,1,-2,-4
1532467031776,-2,1,0,0,0,-1,-2,1
1532467031781,0,0,-1,-2,-1,-3,-2,-1
1532467031786,-2,-2,-1,-2,-2,1,-1,-1
1532467031791,0,0,0,1,1,-1,2,2
1532467031796,-1,-2,1,-1,0,1,0,-1
1532467031801,-1,-1,1,-1,-4,0,-1,0
1532467031806,0,0,-1,1,1,0,1,-1
1532467031811,1,-1,-2,-1,-2,-3,0,0
1532467031816,0,-2,-2,-1,-1,-2,-1,-3
1532467031821,-1,-1,-2,0,1,-2,1,-2
1532467031826,-1,-3,-2,0,0,-2,-2,1
1532467031831,-1,0,1,0,-2,0,-1,0
1532467031836,0,0,-2,-3,-2,1,-1,-1
1532467031841,0,0,-2,0,-3,0,-1,-1
1532467031846,-2,3,-1,2,0,0,0,-2
1532467031851,-2,-3,-2,-1,-2,0,-1,-2
1532467031856,1,-1,1,1,-1,-1,0,0
1532467031861,-1,0,-1,-2,0,0,0,-1
1532467031866,-1,0,0,-1,2,0,-2,-2
1532467031871,0,1,-1,-1,0,0,-1,2
1532467031876,-2,-2,-1,-2,-1,-1,0,-1
1532467031881,-1,-1,1,0,0,0,-1,0
1532467031886,-1,-2,0,1,-2,-1,-1,-1
1532467031891,-2,0,-1,-2,-3,-2,-2,0
1532467031896,0,0,-1,0,0,2,2,0
1532467031901,0,0,0,-1,-2,-1,-1,3
1532467031906,0,-2,-1,-1,2,-1,-1,-1
1532467031911,-1,-3,-2,-1,1,0,-1,-1
1532467031916,-1,0,1,-2,-3,-1,-4,-1
1532467031921,0,-2,-1,-2,-3,-1,1,-1
1532467031926,0,0,-1,-3,-1,0,-1,-3
1532467031931,-1,0,-2,-1,-1,-2,0,0
1532467031936,-2,-1,-1,-1,-1,-3,-1,-2
1532467031941,1,-1,-2,0,0,-1,-1,1
1532467031946,0,-1,-3,1,1,1,0,0
1532467031951,-1,-2,1,0,0,-2,0,-2
1532467031956,-1,-1,-1,0,-1,-1,0,0
1532467031961,-2,-1,-2,2,-1,-1,-1,-2
1532467031966,-2,-1,0,-1,-4,-1,-1,-1
1532467031971,0,-2,-1,-1,2,-1,-1,0
1532467031976,-1,-1,0,0,-4,0,0,0
1532467031981,-1,0,-2,-1,2,0,-1,-1
1532467031986,-1,-2,-1,-1,-1,-1,1,0
1532467031991,-1,0,-2,-2,-2,0,-1,-3
1532467031996,0,-1,0,-2,-2,-1,-4,-1
1532467032001,0,0,-1,0,-1,1,0,1
1532467032006,1,-1,0,-1,2,0,0,-1
1532467032011,-1,0,-1,1,-1,-1,0,-3
1532467032016,-1,-2,-2,-3,0,0,-1,-1
1532467032021,-1,-1,0,-1,-1,-1,-2,-2
1532467032026,1,-1,0,-2,0,-3,-2,0
1532467032031,-1,0,-1,0,0,-1,-1,2
1532467032036,-1,0,-1,0,-1,-1,0,0
1532467032041,-2,0,-1,0,-1,1,-1,-2
1532467032046,-1,-1,-3,-2,0,-2,1,-2
1532467032051,0,-1,-1,-2,-3,-1,0,-1
1532467032056,-2,0,0,-1,-2,-3,-2,-1
1532467032061,0,-1,-2,-2,0,0,1,-1
1532467032066,0,-2,0,-1,0,-3,-1,0
1532467032071,0,-2,-1,-3,1,-2,0,-1
1532467032076,0,-1,-1,-2,-2,-1,-1,0
1532467032081,-1,-2,1,-1,-2,-2,-1,-1
1532467032086,1,0,-1,1,-1,1,-1,0
1532467032091,-1,0,-1,-1,0,-1,-3,-1
1532467032096,0,-1,-1,0,0,0,0,1
1532467032101,-1,-2,0,0,1,-2,-2,-2
1532467032106,-3,0,-2,0,0,1,0,0
1532467032111,0,-1,0,-2,-1,0,1,-1
1532467032116,0,-2,1,2,0,0,-1,-1
1532467032121,-1,0,-1,-2,-5,-1,-1,0
1532467032126,-1,-1,1,-1,3,-1,1,0
1532467032131,-1,-1,-2,-1,0,-1,0,0
1532467032136,-1,0,-2,0,0,1,1,-1
1532467032141,1,-2,-1,-1,-1,-2,-1,0
1532467032146,-1,0,-1,0,-3,-2,-2,0
1532467032151,-1,-1,0,0,-1,0,-1,-1
1532467032156,-1,0,0,0,-2,1,3,0
1532467032161,-1,0,0,0,1,0,-1,-1
1532467032166,0,0,-2,0,-4,0,0,0
1532467032171,0,-1,-1,0,-2,0,1,-3
1532467032176,1,-2,-1,-1,-1,-2,-1,1
1532467032181,0,-1,-1,-1,-1,-1,-1,0
1532467032186,0,-2,0,-1,-1,1,0,-2
1532467032191,-1,-1,-2,-1,1,-2,-3,-2
1532467032196,0,-2,0,-1,-1,2,1,0
1532467032201,-3,-2,-1,-1,0,-1,0,-1
1532467032206,-1,-1,-2,-2,1,-1,-2,-2
1532467032211,0,-1,-1,-1,-1,-1,-1,-1
1532467032216,-1,2,-1,-2,-2,0,0,-1
1532467032221,-1,-1,-1,0,-1,-1,-1,-1
1532467032226,-1,-2,-1,0,0,-2,0,0
1532467032231,-1,-2,0,-2,0,1,0,0
1532467032236,-1,-3,-1,-1,-2,-2,0,-1
1532467032241,-1,0,0,-2,0,2,1,-2
1532467032246,-2,0,-2,1,-3,0,0,-2
1532467032251,1,-1,-1,0,0,-1,-1,0
1532467032256,-1,1,0,0,1,-1,-1,-1
1532467032261,1,0,-2,0,-2,-2,-2,-1
1532467032266,0,0,-1,-1,-1,1,0,-1
1532467032271,-2,-1,0,0,-1,-2,0,0
1532467032276,0,-1,0,-3,-2,-1,-1,-2
1532467032281,-1,0,0,1,1,-1,-1,-1
1532467032286,0,-1,-1,-1,-2,-3,-2,-2
1532467032291,-1,-2,-1,-1,-1,0,-1,-3
1532467032296,0,0,-2,1,2,0,-1,0
1532467032301,-1,-1,0,0,0,1,2,-1
1532467032306,-1,0,-1,-1,-1,-2,0,2
1532467032311,0,-1,1,-2,-2,-3,0,1
1532467032316,-1,-1,0,-2,-1,-1,-1,-2
1532467032321,0,-1,0,-1,-1,-2,-1,-1
1532467032326,-1,0,0,-1,-4,-2,-1,-1
1532467032331,-2,1,1,1,-3,-1,-2,-1
1532467032336,1,0,0,0,1,2,0,0
1532467032341,1,0,-1,0,-1,-1,-2,1
1532467032346,0,-2,-1,-1,3,2,1,0
1532467032351,-2,0,-1,0,-1,-1,1,0
1532467032356,-2,-3,-1,0,0,-3,-2,-1
1532467032361,0,-1,-1,-2,-2,-3,1,0
1532467032366,-1,-2,-2,-4,-5,-1,-2,-1
1532467032371,2,0,0,0,-2,-1,2,0
1532467032376,-2,-2,-2,0,0,-1,-1,-1
1532467032381,-1,0,-1,1,1,0,1,0
1532467032386,0,0,-1,2,0,-1,-1,0
1532467032391,-1,0,-1,-1,0,1,1,-1
1532467032396,-1,-1,-1,-1,-4,-1,-1,-2
1532467032401,-1,0,0,-2,-1,-1,0,-2
1532467032406,1,1,0,0,-1,2,1,-2
1532467032411,0,-2,0,-2,-2,-1,-3,-2
1532467032416,1,-2,0,1,-2,-2,1,-1
1532467032421,-1,-1,-2,-3,-1,-1,-1,-1
1532467032426,-1,-1,-1,-1,0,-1,0,-2
1532467032431,-1,1,-1,-1,0,0,-1,-1
1532467032436,-3,0,-1,-3,-1,-2,-2,-2
1532467032441,-1,-1,-1,2,-3,-2,-3,-1
1532467032446,0,-1,0,-1,0,1,0,0
1532467032451,0,-1,-1,0,0,1,1,-1
1532467032456,0,-1,0,-1,-2,-3,0,-1
1532467032461,-1,-1,0,-1,0,3,-1,-1
1532467032466,1,-2,0,1,1,-1,-1,2
1532467032471,-2,-1,-1,-1,1,-1,-3,0
1532467032476,0,-1,-1,-3,-3,0,-1,-1
1532467032481,-1,-1,-1,-2,-3,-3,-1,-1
1532467032486,-1,-1,2,1,-1,-3,1,-1
1532467032491,-1,-2,0,1,0,-1,-1,-2
1532467032496,-2,-1,-2,2,-1,0,0,0
1532467032501,-1,0,-2,-1,0,0,0,-1
1532467032506,-1,0,-1,0,-2,-2,-2,0
1532467032511,-1,-2,-3,-3,-3,-2,1,0
1532467032516,-2,0,1,1,0,1,-1,-1
1532467032521,0,-2,0,-2,0,0,-1,-1
1532467032526,-2,-3,-3,-2,-3,-2,-2,-3
1532467032531,1,-1,-1,1,-1,0,1,1
1532467032536,1,1,-1,-2,-1,0,0,-1
1532467032541,-2,0,-3,1,-1,0,-1,0
1532467032546,-1,0,-1,-2,1,-1,-2,-1
1532467032551,1,1,1,0,-1,0,0,0
1532467032556,-1,0,-1,-1,-1,-2,-1,-1
1532467032561,-1,-1,1,0,0,3,0,0
1532467032566,-1,1,1,0,-2,-1,0,-2
1532467032571,-1,-1,-1,-1,-1,0,-1,-1
1532467032576,0,-3,-1,-1,0,-2,0,0
1532467032581,0,-1,0,-2,-2,-2,0,0
1532467032586,0,0,-2,1,-1,-3,-1,-1
1532467032591,0,-1,0,0,1,0,0,-1
1532467032596,-1,1,-2,0,0,2,1,0
1532467032601,-1,-1,-1,-1,-1,-1,0,0
1532467032606,1,0,-1,-1,-2,-1,1,-1
1532467032611,0,-1,0,0,-2,-4,-3,-1
1532467032616,-1,-1,-1,0,2,0,0,1
1532467032621,-1,-1,-2,2,2,0,0,-1
1532467032626,-2,0,0,0,1,1,1,-2
1532467032631,-2,-1,-2,-3,-2,-1,-1,-1
1532467032636,1,-3,-2,-1,-1,1,1,0
1532467032641,1,-1,-2,-2,-1,-3,0,-2
1532467032646,2,-1,-1,1,1,-1,1,-2
1532467032651,-2,-1,0,0,1,2,2,0
1532467032656,0,0,0,-2,-3,-1,-2,-1
1532467032661,-2,-1,-1,0,-1,-1,0,-1
1532467032666,0,-1,-1,-2,-2,0,-2,0
1532467032671,0,0,-2,0,-2,-1,-1,-2
1532467032676,0,0,0,0,-1,-3,-3,-2
1532467032681,-1,1,0,0,-3,0,1,-1
1532467032686,-3,-2,-1,-1,-2,0,1,1
1532467032691,-1,-1,-1,-1,-2,-2,-1,-1
1532467032696,-1,-1,1,0,0,0,-1,0
1532467032701,1,-1,0,0,-3,-1,-1,-1
1532467032706,-1,0,-1,0,0,-1,-2,-2
1532467032711,-1,0,-1,0,-1,1,3,0
1532467032716,-3,-1,-3,-4,-2,-4,-1,-2
1532467032721,0,0,0,-1,1,0,2,-1
1532467032726,-2,-1,-1,-2,-2,-4,-2,-1
1532467032731,0,1,-1,-1,1,3,2,1
1532467032736,-2,-1,0,1,0,0,0,0
1532467032741,-1,0,-2,-3,-1,-3,0,0
1532467032746,-1,-2,-1,0,2,0,0,-3
1532467032751,0,-1,-1,-2,-2,-4,-2,-1
1532467032756,-1,-2,-1,0,-1,3,0,-2
1532467032761,-3,-1,0,0,1,-1,-1,-2
1532467032766,-1,0,1,0,0,-1,-2,0
1532467032771,-1,0,-1,-1,0,-2,-1,-2
1532467032776,0,-1,-1,-1,-2,0,1,-1
1532467032781,0,-1,-2,-1,0,-1,-3,-2
1532467032786,0,0,-3,-2,-2,-1,-2,0
1532467032791,-1,0,-2,0,-3,1,1,-1
1532467032796,-1,0,-1,-2,-2,-1,-2,0
1532467032801,-1,-1,-2,-2,-1,-1,0,-1
1532467032806,-2,-2,-1,0,0,0,0,-1
1532467032811,0,-1,0,-2,-2,-1,-3,-1
1532467032816,-1,-1,0,-1,0,-3,-1,0
1532467032821,-1,0,0,0,-1,-1,-1,-1
1532467032826,-1,-1,-1,-1,0,0,0,1
1532467032831,0,-1,0,-1,-5,-4,0,-2
1532467032836,0,0,-3,1,0,1,0,0
1532467032841,-1,-2,-1,0,0,0,0,-1
1532467032846,-1,0,-3,-1,-2,-2,-2,-1
1532467032851,0,0,-1,1,1,-1,-1,-1
1532467032856,1,0,-1,-1,-2,-4,-1,-2
1532467032861,0,0,0,-1,0,1,-1,0
1532467032866,0,-1,0,0,-2,-1,-1,0
1532467032871,-1,-2,-1,0,-1,0,-1,0
1532467032876,-1,-1,-2,0,1,0,-1,-2
1532467032881,0,-1,0,0,0,-2,0,-1
1532467032886,-1,0,0,-2,-2,2,0,-1
1532467032891,-1,-1,-1,-1,0,0,-1,0
1532467032896,0,-1,1,-2,-1,-1,1,0
1532467032901,-1,-2,-2,-1,-1,1,0,-2
1532467032906,-2,1,1,0,-1,-2,0,-2
1532467032911,-1,-1,-1,-2,0,-3,0,0
1532467032916,-2,0,0,0,0,-1,-1,0
1532467032921,-2,1,-1,0,-4,-1,-1,1
1532467032926,1,-1,-1,-1,1,1,3,0
1532467032931,-1,-1,0,-1,2,3,0,-1
1532467032936,-1,-1,-2,-2,-3,-1,-1,0
1532467032941,-1,0,-1,-1,-2,-1,-2,0
1532467032946,2,-1,-3,0,0,-3,0,-1
1532467032951,0,-1,-2,-1,0,0,-2,-2
1532467032956,1,-2,1,-2,-2,-3,1,-1
1532467032961,0,-1,0,-1,2,2,1,1
1532467032966,-1,0,0,-1,-2,-1,0,-1
1532467032971,0,-1,-1,-3,-2,-2,-1,-1
1532467032976,0,-1,-1,-3,-1,-1,-4,-2
1532467032981,-1,-2,-2,-4,-3,-2,0,0
1532467032986,-2,-1,1,-1,-1,0,-2,-2
1532467032991,0,-1,-1,0,2,-2,-1,1
1532467032996,-2,-1,0,1,-2,-3,-2,0
1532467033001,0,0,1,0,0,1,-1,1
1532467033006,-2,-2,-2,-2,2,0,1,-1
1532467033011,-1,0,1,1,-4,0,-1,0
1532467033016,-2,-1,-1,0,-1,-1,0,-1
1532467033021,0,-3,-1,-2,-2,-2,-2,-2
1532467033026,-1,-2,-2,-2,-2,-3,-1,1
1532467033031,0,-1,-1,1,-3,0,-2,-1
1532467033036,-1,-1,-1,0,0,1,0,-1
1532467033041,0,1,0,-1,0,-1,0,0
1532467033046,-1,-2,-1,-1,0,0,0,-1
1532467033051,0,0,-1,-1,-2,-1,-2,-1
1532467033056,0,-1,0,0,-1,1,-1,-1
1532467033061,-1,0,0,-1,0,-1,-2,-1
1532467033066,-1,-1,-2,0,-1,0,2,-1
1532467033071,-1,0,-1,-1,-1,-2,0,-1
1532467033076,0,0,0,-1,-1,-1,-3,1
1532467033081,-2,0,-1,1,0,0,-2,-1
1532467033086,0,-3,0,-2,-1,-1,-2,-2
1532467033091,-1,-2,-1,-1,-2,-1,0,-1
1532467033096,1,0,-1,1,2,-1,1,0
1532467033101,-1,-1,-1,1,-1,-5,-3,-2
1532467033106,0,0,-2,0,1,0,-2,0
1532467033111,0,-2,-1,-1,-1,-1,-2,-1
1532467033116,-1,-1,-1,0,0,2,-1,0
1532467033121,2,-1,-1,0,-1,-1,1,0
1532467033126,-2,0,0,0,-2,-2,-1,0
1532467033131,-1,-2,0,0,4,0,0,1
1532467033136,0,0,-1,0,-2,0,-1,-1
1532467033141,-1,0,-1,1,-2,1,0,-2
1532467033146,-1,0,-1,-1,-3,-1,-1,-1
1532467033151,0,0,-1,-2,-1,-2,0,-2
1532467033156,-2,-1,-2,-3,-3,-2,0,-1
1532467033161,-2,-1,-1,-1,-1,-1,-1,-1
1532467033166,0,0,1,2,-1,-3,-2,-1
1532467033171,-1,1,-1,-1,1,1,2,-1
1532467033176,-1,-1,-2,-2,1,-1,0,0
1532467033181,1,-1,0,-1,-1,-2,-3,0
1532467033186,-1,-2,-1,-1,0,0,-1,0
1532467033191,-2,-1,0,0,-2,-2,-1,0
1532467033196,0,-1,-1,0,-1,-1,0,1
1532467033201,0,-1,-2,-2,-2,-3,-1,-1
1532467033206,0,1,0,0,-1,0,0,1
1532467033211,-1,0,-2,0,-3,-1,-1,-1
1532467033216,-1,0,-1,-1,-1,-1,0,0
1532467033221,-1,0,-1,-1,0,0,0,-1
1532467033226,0,-1,-1,-2,-2,0,1,1
1532467033231,-1,-1,-1,0,1,0,-1,0
1532467033236,-2,-2,1,0,-1,0,0,-1
1532467033241,-1,1,-3,-3,-2,-2,-3,0
1532467033246,-1,-1,0,-3,0,0,-3,-2
1532467033251,0,-1,-1,-1,-1,-1,0,-1
1532467033256,0,-1,-2,-2,1,-1,0,-1
1532467033261,0,-2,0,0,-1,-1,1,-1
1532467033266,1,0,-2,0,1,-3,-1,-1
1532467033271,-2,-1,1,-3,0,0,1,0
1532467033276,-1,-1,0,-1,0,0,-2,0
1532467033281,-3,-1,-1,-2,-3,0,1,-1
1532467033286,-1,-1,-1,-1,-2,-3,-1,-2
1532467033291,0,-1,-1,2,-1,-2,-1,-1
1532467033296,-1,-1,-1,0,0,-1,1,-2
1532467033301,0,-2,0,0,0,0,0,1
1532467033306,1,0,0,0,-2,0,0,0
1532467033311,1,0,-1,-4,-2,-2,-2,-2
1532467033316,2,1,0,0,-2,-1,0,-1
1532467033321,-1,1,-1,0,2,-1,1,-2
1532467033326,-2,-2,0,0,0,1,-3,0
1532467033331,-1,-1,0,-1,0,2,2,-1
1532467033336,-2,0,-1,-1,0,-2,-4,-2
1532467033341,-1,0,-1,-1,-2,-1,0,2
1532467033346,-1,-1,-1,-2,0,-1,-1,-2
1532467033351,-1,0,0,-1,-3,-1,0,-1
1532467033356,-1,-2,-2,-1,0,0,1,0
1532467033361,-2,0,0,0,1,0,-1,-1
1532467033366,0,0,0,0,-2,0,-1,-2
1532467033371,-1,-2,-1,1,0,0,-1,0
1532467033376,-2,-1,1,0,3,-1,-1,-1
1532467033381,-1,0,0,-1,-2,-1,-1,-1
1532467033386,-2,-2,-1,-1,-1,-2,-2,-1
1532467033391,0,-1,0,-1,-1,0,-1,-1
1532467033396,1,1,0,-2,-4,0,-3,0
1532467033401,-1,-2,0,0,-1,-3,0,-1
1532467033406,-1,-1,-1,0,2,0,0,-3
1532467033411,-1,-2,-2,0,-1,-2,-3,-2
1532467033416,-1,1,-1,-2,-1,0,0,-1
1532467033421,0,-1,-2,0,0,1,0,-1
1532467033426,-2,-1,0,-1,0,-1,0,0
1532467033431,0,-1,1,1,0,-1,-2,0
1532467033436,1,-1,-2,-3,-2,-2,-2,-1
1532467033441,-1,-1,-1,-2,-3,-2,-1,-1
1532467033446,-1,0,0,1,-2,-1,0,-1
1532467033451,-2,-2,1,0,1,0,-1,-1
1532467033456,-2,-2,0,-1,2,-1,-3,0
1532467033461,-3,0,0,1,-1,1,-2,-2
1532467033466,-1,0,-1,-1,-3,-1,-1,-2
1532467033471,-1,1,-2,-1,-3,-1,-2,1
1532467033476,-2,-2,-1,1,-1,1,2,1
1532467033481,-1,-2,-3,-2,-1,-4,-1,-1
1532467033486,-1,-2,-1,0,2,-1,-2,-2
1532467033491,-2,-3,-1,-2,-3,-2,-1,-1
1532467033496,0,-2,-1,0,0,-2,-2,-2
1532467033501,-1,0,-2,2,1,0,-1,0
1532467033506,-2,-2,0,-2,-2,0,0,-1
1532467033511,1,0,-1,-1,0,-1,0,-1
1532467033516,-1,-1,-1,-2,-1,-3,-1,-1
1532467033521,0,-1,0,-1,0,0,-1,0
1532467033526,1,0,-2,-3,-3,-1,0,0
1532467033531,-1,-1,-1,1,1,1,1,0
1532467033536,0,-1,-2,-2,-3,0,-1,-1
1532467033541,1,0,0,0,0,-1,-1,0
1532467033546,-1,1,-2,-2,-1,-3,-3,-1
1532467033551,-1,1,-2,-3,-3,1,0,-1
1532467033556,-1,-1,-1,-1,-1,0,-1,-1
1532467033561,-1,-1,-2,-1,-2,2,1,-2
1532467033566,-1,-1,0,0,-1,0,0,0
1532467033571,0,0,-1,0,1,-3,-2,0
1532467033576,0,0,0,0,0,0,0,-1
1532467033581,0,-1,0,-2,-1,-1,0,0
1532467033586,0,-2,-4,-3,-1,0,-2,-1
1532467033591,-2,-2,-1,-1,0,-1,-1,-2
1532467033596,-1,0,-1,-1,-1,-2,1,0
1532467033601,-1,-1,-1,-1,-1,1,-2,-1
1532467033606,-1,0,-1,2,0,0,2,0
1532467033611,-1,0,1,-1,-1,-1,-1,-2
1532467033616,0,-1,0,-2,-1,-1,0,0
1532467033621,-1,0,-1,-1,-1,-3,-2,-1
1532467033626,0,-1,0,-1,0,0,-2,-1
1532467033631,-2,-2,-2,-1,0,-1,0,0
1532467033636,-2,-1,-2,0,-2,0,1,1
1532467033641,0,-1,-1,0,1,0,0,0
1532467033646,0,-1,-2,0,-2,-1,-1,0
1532467033651,0,-1,-3,-2,-2,1,0,0
1532467033656,-1,1,-1,0,1,-5,-2,-4
1532467033661,-3,0,0,-1,1,0,2,-1
1532467033666,-1,-1,-2,-1,-3,0,-1,-1
1532467033671,0,-1,0,1,-1,-1,-1,1
1532467033676,1,-2,-1,1,-1,-1,0,-2
1532467033681,0,-1,0,-2,0,-1,-1,-2
1532467033686,-1,-1,-1,-1,1,-1,0,-1
1532467033691,-1,0,-2,-1,-1,-1,0,-1
1532467033696,0,0,1,0,0,2,-1,-1
1532467033701,0,0,-2,-1,0,-1,0,1
1532467033706,-1,-2,0,-2,0,-2,0,0
1532467033711,-1,-1,-1,0,-2,-3,-1,0
1532467033716,-1,-2,-2,0,-3,0,-1,0
1532467033721,1,-1,0,0,0,1,-2,-2
1532467033726,-2,0,-1,-3,2,0,-1,-2
1532467033731,0,0,0,-2,-2,0,0,0
1532467033736,0,-1,-1,-1,0,-3,0,-1
1532467033741,1,-1,-3,-2,-4,-3,-4,-3
1532467033746,0,0,-2,0,-1,-1,-1,-1
1532467033751,-1,-1,-1,0,0,0,-2,-1
1532467033756,0,0,-2,-1,-2,1,1,1
1532467033761,-2,0,-2,-1,-1,-1,1,-1
1532467033766,-1,-1,1,-1,2,0,0,-2
1532467033771,0,-1,-1,-2,-3,-2,-1,-1
1532467033776,-1,-1,-1,-1,-1,0,-1,-1
1532467033781,-1,-2,-2,-1,-1,0,1,1
1532467033786,0,0,-1,0,0,-1,0,-2
1532467033791,-1,-2,-1,0,0,-1,0,1
1532467033796,-2,-1,-2,1,1,-1,0,-1
1532467033801,-2,1,0,-2,-3,0,0,0
1532467033806,-2,-1,-1,0,-2,-1,-1,0
1532467033811,1,0,-1,-1,-1,0,-3,-2
1532467033816,-1,-1,0,0,0,-2,0,-2
1532467033821,0,0,0,-1,-1,-1,-3,-2
1532467033826,1,0,-1,0,-2,-1,1,-1
1532467033831,-2,-1,-2,-1,1,-1,0,-2
1532467033836,-2,-1,-1,-2,-1,-2,0,-1
1532467033841,0,-1,1,0,0,0,1,-1
1532467033846,1,1,0,0,-3,-4,-3,0
1532467033851,-2,-3,-1,-2,1,2,0,-1
1532467033856,-1,0,-1,-3,-1,-1,-2,-1
1532467033861,-1,-2,-1,-1,-2,-3,-1,-2
1532467033866,-2,0,-1,-1,-1,1,-1,0
1532467033871,-1,1,-1,-1,-1,-1,-2,-1
1532467033876,0,-2,-2,0,0,0,-1,-1
1532467033881,-1,-2,1,0,0,0,0,-1
1532467033886,-1,-2,-1,-2,1,-1,0,-1
1532467033891,-1,0,-1,1,-2,-1,0,0
1532467033896,-2,-2,-1,-1,-2,-3,1,-2
1532467033901,0,0,-2,-1,-2,-3,0,0
1532467033906,0,-2,1,-1,1,0,0,-1
1532467033911,-1,-1,-1,-1,0,1,0,-1
1532467033916,-1,0,0,0,-1,-1,-3,-1
1532467033921,-2,0,0,-2,-3,-1,1,1
1532467033926,-1,-1,0,-1,-1,-3,1,0
1532467033931,1,0,-1,1,0,0,0,-1
1532467033936,0,-2,0,0,0,0,-2,2
1532467033941,-2,0,-1,-1,-1,0,-1,-1
1532467033946,0,-1,0,-2,0,2,-1,-2
1532467033951,0,0,0,-1,1,-1,1,0
1532467033956,0,2,-3,-2,-1,-1,1,-2
1532467033961,1,-2,0,1,-1,0,-1,-1
1532467033966,-2,1,-1,0,0,0,0,0
1532467033971,-1,-1,-1,-1,-1,-2,-3,-1
1532467033976,0,0,-1,-1,-3,0,-1,0
1532467033981,-2,-2,-2,-2,3,0,-3,0
1532467033986,-1,-2,-1,-2,1,-1,-3,-1
1532467033991,-1,-2,-1,-1,-1,0,1,-1
1532467033996,-1,-2,-1,-1,-1,-2,-1,-1
1532467034001,1,1,-1,-1,-3,-4,-2,1
1532467034006,1,0,-1,1,0,1,1,-1
1532467034011,0,0,-2,-1,0,-2,-1,-1
1532467034016,0,-1,0,-2,-3,1,-1,1
1532467034021,-1,0,-2,0,-1,1,0,-2
1532467034026,-1,-2,-1,-2,-1,-2,-1,0
1532467034031,-2,-1,0,-1,-1,-1,0,-1
1532467034036,-2,-2,0,-2,0,1,-2,-2
1532467034041,0,1,-2,-1,0,0,-3,-2
1532467034046,1,1,-2,-1,-2,-1,-2,-1
1532467034051,0,-1,-1,0,-2,0,-2,1
1532467034056,0,-1,0,0,1,0,-1,-1
1532467034061,-2,-2,0,1,0,-2,1,0
1532467034066,-1,-1,-1,-2,-2,-1,-1,-1
1532467034071,-3,-1,-1,0,1,0,-2,-1
1532467034076,0,0,-1,-2,0,0,-1,-1
1532467034081,-2,-1,-2,-1,0,5,1,-1
1532467034086,-1,0,0,0,0,-2,-1,-2
1532467034091,0,0,-1,0,-2,-5,-1,-3
1532467034096,-3,1,-1,1,0,-1,0,-1
1532467034101,0,-2,-3,-2,-1,-3,1,-2
1532467034106,0,-3,-2,-2,0,2,0,1
1532467034111,0,0,-1,-2,1,-1,-6,-1
1532467034116,-2,0,-1,0,-1,-3,-1,-1
1532467034121,-1,0,1,-2,-1,1,-1,-1
1532467034126,-1,-1,-1,-1,-3,9,6,0
1532467034131,-1,0,0,-1,0,-8,-5,-1
1532467034136,0,-1,-1,0,2,-6,-3,-2
1532467034141,-1,-2,1,-2,2,0,0,0
1532467034146,-2,-1,-1,-1,-2,-8,-2,-1
1532467034151,-1,-2,-1,-2,-3,3,3,0
1532467034156,0,0,-1,-2,0,6,3,0
1532467034161,-2,-1,-1,-1,-4,-8,-8,-3
1532467034166,1,0,0,1,-1,3,1,0
1532467034171,-1,0,0,1,-3,-5,3,1
1532467034176,1,-2,0,-2,-2,5,-3,0
1532467034181,-2,-2,-1,-1,-2,-9,-15,-2
1532467034186,0,0,-1,-1,-1,13,13,-1
1532467034191,-2,-2,-3,1,1,-2,-8,0
1532467034196,-2,-2,-1,-1,-2,-17,-12,-4
1532467034201,-2,-3,-2,-4,-6,-13,0,-2
1532467034206,0,1,1,4,10,26,16,7
1532467034211,0,0,-3,-2,0,1,-1,-2
1532467034216,-1,-1,0,0,0,11,9,0
1532467034221,0,-1,-2,-1,-3,-15,-18,-3
1532467034226,0,-2,-1,-3,-5,-11,-10,-3
1532467034231,1,-1,1,-1,-2,1,9,1
1532467034236,-1,0,-3,-1,-4,-7,-12,-2
1532467034241,-1,-2,0,0,3,13,15,1
1532467034246,-2,-1,-1,0,0,5,-2,0
1532467034251,0,-2,0,-1,0,11,1,-1
1532467034256,0,-1,-2,0,-5,-19,-4,-2
1532467034261,-1,-1,0,2,0,9,10,2
1532467034266,-2,0,-1,-1,-2,-14,-8,-3
1532467034271,-1,0,-3,-2,0,3,-8,-2
1532467034276,1,-1,-1,-3,-3,-3,2,0
1532467034281,1,1,0,1,1,28,10,1
1532467034286,-2,-1,-1,-1,3,-7,-8,-3
1532467034291,-1,1,-1,0,2,6,2,-2
1532467034296,-1,1,1,-1,-2,-2,0,0
1532467034301,-1,0,-2,0,0,-28,-13,-1
1532467034306,-1,-2,-1,-3,-3,19,-11,-3
1532467034311,0,0,-1,0,-4,-38,8,0
1532467034316,-2,-1,0,3,5,38,2,-1
1532467034321,1,0,1,-1,3,17,21,2
1532467034326,0,0,-1,0,-3,-25,-19,-1
1532467034331,1,-2,-2,0,1,18,10,-1
1532467034336,-2,0,-1,-3,0,-9,-16,3
1532467034341,-1,-1,-1,-1,0,-3,-3,-2
1532467034346,-1,-1,0,-1,-1,-6,8,-1
1532467034351,-1,-3,1,-1,-1,1,-5,-2
1532467034356,1,0,0,-2,-4,-41,6,-2
1532467034361,0,-1,0,0,1,51,0,-2
1532467034366,-2,-2,-1,-3,-2,-11,4,-1
1532467034371,-1,-1,-1,-1,-3,-7,-10,-1
1532467034376,0,-2,1,1,1,0,3,0
1532467034381,-1,-1,0,-2,-1,-16,-5,-3
1532467034386,-1,-1,-2,0,-2,-1,1,-1
1532467034391,-3,-1,0,0,-1,9,-3,-1
1532467034396,-1,-2,-1,-1,2,-7,4,-1
1532467034401,-1,-1,0,1,-4,-11,-6,1
1532467034406,0,-1,-1,-1,-4,-11,0,-1
1532467034411,0,-1,-1,-2,-1,-50,-2,-2
1532467034416,-1,4,1,-2,-1,-6,-1,-3
1532467034421,0,0,0,0,3,13,-2,0
1532467034426,-2,1,-1,0,-3,5,1,0
1532467034431,8,3,-1,-2,-2,-11,-1,0
1532467034436,-1,-7,-1,0,-2,1,-3,0
1532467034441,-11,1,-1,-1,-2,4,-1,0
1532467034446,0,-3,-2,1,2,6,1,-1
1532467034451,-5,1,-2,-1,0,-22,-2,-1
1532467034456,4,2,-2,0,2,2,0,0
1532467034461,2,-1,-1,-6,-6,22,-7,-3
1532467034466,0,-1,1,1,6,-9,15,3
1532467034471,-1,1,-1,0,2,16,0,0
1532467034476,-2,-1,0,0,2,5,8,1
1532467034481,-3,-1,-1,0,0,27,-5,-3
1532467034486,-1,1,-2,-3,-5,-30,-9,-2
1532467034491,0,-2,-1,0,-2,-25,-6,-1
1532467034496,-3,-2,0,1,1,9,-1,-3
1532467034501,0,-1,-1,-2,-6,-13,-5,-2
1532467034506,1,2,0,-3,-2,-15,2,-2
1532467034511,-2,-1,0,1,2,-7,-1,0
1532467034516,0,-2,-3,-2,-4,4,6,-1
1532467034521,3,1,1,2,2,3,11,2
1532467034526,-3,-1,-2,-3,-3,-11,-15,-3
1532467034531,-2,-2,0,1,3,22,4,1
1532467034536,0,1,-2,-1,-2,-10,-2,-3
1532467034541,0,-3,-1,-1,1,-1,3,0
1532467034546,-1,-1,-1,1,1,20,4,0
1532467034551,-1,-2,0,-2,-4,-27,-3,-2
1532467034556,1,-1,-1,-3,1,15,-2,0
1532467034561,-1,0,0,-1,0,-8,0,-5
1532467034566,0,0,-1,-1,-1,21,-2,0
1532467034571,-3,-3,0,-1,-3,-27,-5,-2
1532467034576,-2,0,0,-1,-1,13,-5,-1
1532467034581,0,0,-1,1,5,10,7,0
1532467034586,-1,-3,1,-2,-2,-4,2,-1
1532467034591,1,0,0,0,-3,3,1,-1
1532467034596,-1,-3,-1,-1,-4,-20,-5,0
1532467034601,-2,-1,0,-1,-3,-10,-2,0
1532467034606,-1,0,-1,1,1,16,-1,-1
1532467034611,-1,-2,-3,-1,-2,-6,-2,0
1532467034616,-1,0,0,1,-3,-7,-1,-1
1532467034621,0,-1,-1,0,0,1,0,-2
1532467034626,0,-2,-2,-1,-2,-3,-2,-2
1532467034631,-3,-2,-1,-1,0,10,2,0
1532467034636,-1,1,0,0,-2,-4,-1,-1
1532467034641,-1,-1,0,-2,-2,1,-1,0
1532467034646,-2,-2,0,0,0,2,-2,-1
1532467034651,-2,-3,-1,-1,1,-1,3,-1
1532467034656,-1,0,0,0,-1,-2,-1,-1
1532467034661,0,-1,1,-2,-1,-5,-3,1
1532467034666,0,-1,-1,-1,1,5,0,-2
1532467034671,2,0,1,0,-4,-12,-4,-1
1532467034676,-1,-2,-1,2,5,15,2,0
1532467034681,-1,-1,-3,-3,-2,-16,-4,-2
1532467034686,-1,1,1,-3,-1,11,1,0
1532467034691,-1,-1,-1,-2,-2,3,-1,-3
1532467034696,-1,0,0,-2,-4,-11,0,-1
1532467034701,-1,1,1,1,-2,-7,-2,3
1532467034706,-1,1,-2,-1,0,7,0,0
1532467034711,0,-1,-2,-4,0,-1,0,-1
1532467034716,-1,-2,-1,-2,-2,-4,-3,0
1532467034721,0,0,-1,-2,0,6,-1,-1
1532467034726,-1,-1,0,2,1,3,1,-1
1532467034731,2,0,-2,0,1,-5,-1,0
1532467034736,-2,-1,-2,-2,-1,2,-1,0
1532467034741,-1,0,-2,1,0,-3,0,0
1532467034746,-1,-1,-1,-3,-4,1,0,0
1532467034751,-1,-1,-1,-2,-2,2,-2,-1
1532467034756,-1,-1,-1,-2,-1,-4,-1,-1
1532467034761,1,-1,-1,-2,-3,-1,0,-1
1532467034766,0,-2,-1,2,2,2,-1,1
1532467034771,-1,0,-1,0,0,3,1,1
1532467034776,1,0,0,-1,-1,-2,0,0
1532467034781,-2,0,0,1,2,3,1,-2
1532467034786,-1,-1,-1,-3,0,-1,-3,-1
1532467034791,0,0,0,-1,-2,0,-1,-1
1532467034796,-2,-1,0,-2,0,1,0,-1
1532467034801,-1,0,-1,-2,-2,-2,-1,-2
1532467034806,1,0,-1,1,1,-3,2,0
1532467034811,-1,0,-1,0,-3,2,1,0
1532467034816,0,0,-2,0,0,0,0,1
1532467034821,-2,0,-1,1,-1,-1,-3,0
1532467034826,-1,0,-1,-2,0,-4,-1,-1
1532467034831,-2,1,-2,-2,-2,0,-3,-2
1532467034836,-1,-1,-3,0,0,-2,1,-1
1532467034841,0,-1,0,-1,-2,-7,-3,-1
1532467034846,-2,-2,-1,1,-1,11,4,-1
1532467034851,-1,0,-1,0,1,0,0,0
1532467034856,-2,0,-2,-2,-3,0,-1,0
1532467034861,-2,-1,-1,-1,0,-2,-2,0
1532467034866,1,-1,4,0,-4,-6,-3,1
1532467034871,0,-2,-11,-4,2,-5,0,-1
1532467034876,-1,0,-3,-2,0,0,-1,-3
1532467034881,-1,-1,-1,-2,0,2,0,0
1532467034886,-1,0,0,-1,-2,-2,-2,0
1532467034891,0,-1,4,0,-3,1,-1,-2
1532467034896,0,0,0,1,0,-3,-1,-1
1532467034901,-1,-1,-3,-2,2,0,0,-2
1532467034906,0,-2,-2,-5,-2,-1,0,-4
1532467034911,1,0,0,1,-6,0,-1,0
1532467034916,-1,-1,-1,-1,-1,2,-1,-1
1532467034921,0,-2,0,-1,-3,-3,-2,-2
1532467034926,-1,0,-3,-1,2,-4,-3,-2
1532467034931,-1,-2,-1,-1,3,4,0,0
1532467034936,-1,0,1,-2,-6,-4,-1,-1
1532467034941,-2,1,-3,2,4,4,5,2
1532467034946,-2,0,-4,-2,-1,-5,-4,-1
1532467034951,-1,-2,1,-1,-3,-11,-4,-3
1532467034956,-1,0,1,1,2,16,5,0
1532467034961,-1,-2,-1,-1,1,1,0,0
1532467034966,1,0,1,2,-1,-2,-4,-3
1532467034971,-1,-1,-1,-1,0,-2,2,-1
1532467034976,0,-2,0,-1,-2,-5,1,1
1532467034981,-1,0,0,0,-2,3,-3,1
1532467034986,0,-1,-2,1,2,-7,-2,-1
1532467034991,2,0,-1,-1,3,5,1,-1
1532467034996,-1,-1,-3,-4,-10,-9,-7,-2
1532467035001,0,-1,0,-2,-5,0,3,-3
1532467035006,-1,-2,-1,-2,4,-3,-1,-1
1532467035011,-1,0,1,1,2,5,0,-1
1532467035016,0,-1,-4,1,0,-2,-1,-2
1532467035021,-3,0,1,-1,-1,0,-4,0
1532467035026,-1,-2,0,1,-4,-2,-2,-2
1532467035031,-1,-1,-2,-1,4,-1,0,-1
1532467035036,-3,0,2,-1,0,-1,-2,-1
1532467035041,1,-1,-2,-1,-1,2,4,0
1532467035046,-1,-1,0,-1,1,6,1,2
1532467035051,0,-2,-3,0,-1,-8,0,-2
1532467035056,0,-2,-1,-1,-1,-1,-6,0
1532467035061,0,-1,-1,1,-1,-11,-3,-4
1532467035066,0,0,-2,-3,-4,6,1,1
1532467035071,0,0,-1,-1,-2,-3,0,-1
1532467035076,-2,-1,-2,0,-1,-19,2,-1
1532467035081,0,-1,-1,-1,4,41,1,-2
1532467035086,-2,2,3,-2,2,-5,3,-1
1532467035091,-1,-5,-5,-7,-7,-3,-6,-2
1532467035096,-1,-1,0,3,1,3,8,0
1532467035101,-1,-1,0,-2,-8,-15,-4,-2
1532467035106,-2,0,-1,1,0,12,1,0
1532467035111,1,0,-1,1,1,-9,-2,1
1532467035116,-1,0,-1,-1,-2,-9,-3,-3
1532467035121,-1,-1,0,1,1,-17,1,4
1532467035126,0,-3,-4,-1,-4,7,1,0
1532467035131,1,3,2,-1,-3,4,-1,-1
1532467035136,1,-2,-4,-2,-1,-10,-5,-2
1532467035141,1,2,0,0,-1,17,3,-1
1532467035146,-1,-3,0,1,2,-13,-5,-2
1532467035151,-4,-1,-2,1,1,14,3,1
1532467035156,-1,-1,0,0,2,7,-2,-2
1532467035161,0,-3,-4,-2,-3,-17,-2,-1
1532467035166,0,1,-1,-2,-3,-2,1,-3
1532467035171,0,-2,0,-1,-1,-5,-4,0
1532467035176,-2,1,1,-2,-1,-4,-1,-1
1532467035181,2,0,-2,1,4,20,4,1
1532467035186,4,1,-5,-2,-1,-2,0,2
1532467035191,-5,-3,1,2,-2,-14,2,0
1532467035196,-2,1,-1,-4,-1,7,1,0
1532467035201,2,-6,-7,-1,2,18,2,-1
1532467035206,-8,-1,19,10,-1,4,0,-2
1532467035211,2,-1,-16,-6,0,0,2,0
1532467035216,-10,-2,-6,-4,-1,-11,-2,-2
1532467035221,10,-1,-5,1,-4,-18,-5,-3
1532467035226,-10,1,13,-3,-1,-2,-1,-2
1532467035231,1,5,10,4,-4,3,-3,0
1532467035236,-2,-3,2,1,2,2,0,-1
1532467035241,-5,0,-4,-1,0,-3,-1,-1
1532467035246,2,-1,-5,-1,-2,2,-3,0
1532467035251,4,-1,3,1,-3,-13,-5,-1
1532467035256,-4,2,3,-3,5,26,4,0
1532467035261,-5,0,-3,1,-4,-11,-7,-1
1532467035266,0,-3,-10,-6,1,-11,-3,-1
1532467035271,-4,-5,2,-1,3,14,8,3
1532467035276,3,1,-1,-1,-8,-19,-51,-6
1532467035281,-1,3,5,0,1,-5,53,1
1532467035286,1,0,-5,1,5,3,-10,1
1532467035291,-1,0,-1,-2,-4,-8,-3,-4
1532467035296,4,1,8,3,1,15,11,0
1532467035301,-10,-4,-4,-11,-3,-14,-23,-2
1532467035306,7,0,-4,-2,-5,-4,-2,-4
1532467035311,-8,1,10,-2,0,3,3,-3
1532467035316,3,-3,-15,-3,-4,-7,-4,0
1532467035321,-3,3,13,4,3,10,-2,2
1532467035326,3,-3,-17,-3,-1,-4,8,0
1532467035331,8,2,-2,1,-1,5,-6,-6
1532467035336,-3,-6,2,-2,1,1,14,5
1532467035341,-1,0,12,0,-2,-11,-6,-4
1532467035346,0,-3,-14,-1,1,11,6,5
1532467035351,2,0,5,6,3,-1,-2,-2
1532467035356,1,-1,-6,-2,0,-6,-1,-2
1532467035361,1,6,0,-4,-3,-2,-6,-2
1532467035366,-1,-2,10,0,-2,4,4,2
1532467035371,-4,-5,-12,-2,-3,-8,-5,0
1532467035376,-2,-3,-5,-7,0,4,29,-5
1532467035381,1,-1,22,8,2,-8,-18,2
1532467035386,-2,-4,-39,-12,-5,-1,-4,-6
1532467035391,0,2,-1,0,-2,1,6,6
1532467035396,8,5,-7,1,-1,-3,-12,-2
1532467035401,-14,-10,4,2,3,10,2,-5
1532467035406,-4,-3,1,0,-3,-8,-5,-9
1532467035411,-3,0,0,-2,-2,-7,-3,0
1532467035416,7,0,4,4,3,19,18,5
1532467035421,5,6,-6,-2,-4,-6,-5,0
1532467035426,-4,2,10,2,-2,2,3,0
1532467035431,-2,-2,-4,0,2,-4,-7,-2
1532467035436,-3,4,8,0,-5,-5,-2,-2
1532467035441,0,-4,-12,-2,2,2,-1,-3
1532467035446,-2,-1,4,1,-1,0,3,2
1532467035451,-1,0,3,0,-1,4,2,-2
1532467035456,-1,-2,1,-1,-4,-8,-5,2
1532467035461,0,-1,-11,-2,1,9,4,3
1532467035466,2,-2,6,0,-3,-13,-10,-2
1532467035471,0,3,3,0,-1,9,3,0
1532467035476,-1,-3,-4,0,0,3,-4,-4
1532467035481,2,-3,-6,-3,-2,-12,-8,-2
1532467035486,1,0,9,2,0,2,0,3
1532467035491,-2,-3,-4,-3,-2,3,8,-4
1532467035496,0,7,3,1,-2,-2,-1,0
1532467035501,1,-2,-3,0,-3,0,-3,-4
1532467035506,0,0,0,-2,-1,-3,3,0
1532467035511,3,0,-1,-2,-1,5,1,0
1532467035516,-2,0,6,2,0,-12,-7,-1
1532467035521,-4,-3,-11,-7,-3,4,0,0
1532467035526,0,0,6,1,0,-4,-4,-4
1532467035531,-3,-4,-3,0,-1,1,-2,-1
1532467035536,0,0,2,-1,0,2,3,0
1532467035541,1,1,-2,1,0,-3,-2,0
1532467035546,-1,-1,-1,0,-1,1,-3,-2
1532467035551,-1,2,0,-2,-1,-5,-1,0
1532467035556,-2,-3,-4,-2,3,17,4,1
1532467035561,-1,0,4,0,-1,-14,-1,-1
1532467035566,0,-1,-5,-1,-1,2,0,-1
1532467035571,-1,0,7,4,1,-6,-7,-2
1532467035576,-3,-2,-8,-6,-2,-3,-1,-1
1532467035581,1,-2,-1,1,-2,-1,-3,1
1532467035586,-1,2,5,1,-2,0,0,0
1532467035591,-2,-2,-2,-1,-2,0,-1,-3
1532467035596,-3,-3,-2,2,0,-3,-3,-3
1532467035601,-2,0,0,-2,-3,0,-2,-1
1532467035606,0,0,1,0,0,-6,5,-1
1532467035611,0,0,0,-2,0,8,-2,1
1532467035616,-3,-1,0,0,-3,-4,-6,-2
1532467035621,1,-1,-3,-3,-1,6,5,-2
1532467035626,1,0,2,2,-1,-2,-1,3
1532467035631,-3,-2,-5,-3,-1,3,2,0
1532467035636,-1,-1,0,1,2,-7,-2,-2
1532467035641,0,-1,-1,-1,-1,-2,-1,1
1532467035646,-1,0,-3,-3,-2,-1,-3,-2
1532467035651,-1,-4,-2,-2,-2,-5,-2,1
1532467035656,-3,-1,-2,0,1,1,-1,-1
1532467035661,-1,-1,1,-2,-1,-1,-2,-2
1532467035666,-1,-2,3,0,-1,2,0,-2
1532467035671,0,0,-8,-2,-1,-2,-1,-1
1532467035676,1,-1,2,0,-2,-7,1,-1
1532467035681,0,0,0,2,3,10,2,-1
1532467035686,-2,0,0,-1,0,0,-1,2
1532467035691,-2,1,0,-4,-4,-1,-1,2
1532467035696,-2,-1,0,-1,0,-1,0,-2
1532467035701,0,-1,-3,-3,-1,-1,-1,-1
1532467035706,-1,-2,-1,-1,-1,2,1,1
1532467035711,0,0,-1,2,1,-3,-1,-2
1532467035716,-1,0,-2,-1,-1,0,1,-1
1532467035721,-1,-3,1,-1,-1,-2,-3,-1
1532467035726,-1,-2,-4,-3,-1,1,-3,-2
1532467035731,-1,-2,0,0,0,-4,-2,-1
1532467035736,-1,0,-1,-1,0,1,-2,1
1532467035741,-1,-1,-1,1,1,-1,1,0
1532467035746,-2,-2,0,-1,-2,-1,-3,-2
1532467035751,1,0,0,-1,-2,0,1,-2
1532467035756,-1,-1,1,1,-1,-2,-2,0
1532467035761,0,-1,-1,-2,-4,-4,-1,-2
1532467035766,-1,-1,-3,-2,2,-3,-6,-2
1532467035771,1,0,1,-1,3,10,6,-1
1532467035776,0,0,0,-1,-1,-3,-3,-1
1532467035781,0,0,-1,0,1,-2,2,1
1532467035786,-1,0,-2,-1,0,-2,-3,0
1532467035791,-1,-1,-2,-2,-3,-4,-2,0
1532467035796,0,-2,-2,-2,-2,4,3,-1
1532467035801,1,0,-1,0,0,-4,-4,0
1532467035806,0,0,-1,0,1,2,1,-1
1532467035811,0,1,0,-1,-2,-3,-3,-1
1532467035816,0,-1,-5,1,2,3,3,2
1532467035821,-2,-1,-2,-2,-2,-1,-1,1
1532467035826,1,-1,2,0,-2,1,1,0
1532467035831,-2,-2,-4,-2,0,-2,0,-1
1532467035836,0,0,1,-3,-1,-2,-3,0
1532467035841,-1,-1,0,-1,0,-1,1,-2
1532467035846,0,-1,-3,1,-2,2,2,-1
1532467035851,-1,0,1,2,-2,-4,-3,-1
1532467035856,-1,-2,-1,-1,-2,-2,-3,-3
1532467035861,-1,0,-1,-1,0,-3,4,0
1532467035866,0,-1,0,-1,2,8,10,-2
1532467035871,-1,0,-1,0,-1,-4,-2,0
1532467035876,-1,-1,-1,-1,0,1,-1,0
1532467035881,0,-2,-2,-1,-3,-2,-2,-1
1532467035886,-3,-1,-2,0,1,-7,-5,0
1532467035891,1,-2,-2,-3,1,4,0,-1
1532467035896,0,0,2,-1,-5,-1,-1,-1
1532467035901,-1,-1,-4,0,-1,-2,1,-1
1532467035906,-1,-1,0,-1,-1,-2,0,-1
1532467035911,-1,0,-1,-1,-1,0,0,-1
1532467035916,-2,-1,0,0,-1,-3,-2,0
1532467035921,-1,-1,1,-1,-1,1,-2,-3
1532467035926,0,-1,-1,1,-2,-1,-2,-1
1532467035931,-1,0,-1,-4,-2,0,1,-1
1532467035936,-1,-1,0,0,0,1,0,0
1532467035941,-2,-1,-1,0,-1,-2,-1,-1
1532467035946,0,-1,-3,1,-1,-3,-4,-1
1532467035951,0,-1,1,-1,-1,-3,0,-1
1532467035956,-1,0,2,-1,-1,-1,2,0
1532467035961,-1,0,-6,-3,1,2,-1,0
1532467035966,-1,-1,-1,-2,-1,-1,-1,-2
1532467035971,-2,-3,-1,0,1,-1,-2,0
1532467035976,0,-1,1,-1,-3,0,-2,-1
1532467035981,1,-2,1,1,2,-1,-3,1
1532467035986,-1,-2,-2,-2,-4,1,5,0
1532467035991,-1,0,-1,1,1,0,-3,-1
1532467035996,-2,-2,-5,-1,-1,-3,-1,-3
1532467036001,-2,-1,1,1,-1,-1,-1,-1
1532467036006,-1,0,-2,-1,-1,-4,-4,-2
1532467036011,0,0,-2,-3,-2,-4,-2,-1
1532467036016,0,1,-3,-1,2,11,7,-1
1532467036021,2,-1,0,-1,1,-1,-3,0
1532467036026,-1,-1,0,-1,0,-1,1,0
1532467036031,-1,-1,0,-1,-2,-1,-4,-1
1532467036036,-2,-1,1,-1,-1,-4,-4,-2
1532467036041,0,0,1,0,1,1,2,-2
1532467036046,0,-2,-5,-3,-3,-3,-4,-3
1532467036051,-1,-2,-1,2,-2,-2,-1,0
1532467036056,-2,-1,-4,-1,4,-3,-1,-1
1532467036061,0,0,1,0,-3,1,-1,0
1532467036066,0,0,1,0,-1,-2,-1,0
1532467036071,-1,-1,0,-1,1,0,-1,0
1532467036076,2,-1,-1,1,-4,-4,-2,-2
1532467036081,-2,0,0,-3,-2,-2,0,-1
1532467036086,-2,1,0,-2,1,-1,2,0
1532467036091,0,1,1,0,-1,1,-4,0
1532467036096,-1,-2,0,1,1,-1,-3,0
1532467036101,0,-1,0,-3,-3,1,6,-1
1532467036106,-1,-2,0,-2,0,2,2,0
1532467036111,0,-1,-3,1,-2,-2,-3,-2
1532467036116,-1,-1,0,-1,-1,-2,2,-2
1532467036121,0,0,-1,0,-1,-3,-4,-1
1532467036126,-1,-1,0,0,0,-1,-3,-1
1532467036131,-1,-1,2,0,1,2,1,-3
1532467036136,-1,-1,-4,-2,-2,-6,-3,0
1532467036141,-1,-1,-2,-2,1,13,9,1
1532467036146,-1,0,0,0,0,0,-3,-2
1532467036151,-2,-1,1,0,-1,-3,-1,0
1532467036156,0,0,1,-1,-1,-2,1,0
1532467036161,0,-1,-4,1,-2,-4,-6,-1
1532467036166,-1,-2,-3,-1,0,-1,-1,2
1532467036171,-1,-2,-1,-2,-2,1,1,-1
1532467036176,1,-1,1,2,-1,0,-2,-1
1532467036181,-2,-1,-1,-1,-3,-7,-5,-2
1532467036186,0,1,0,0,-1,2,4,1
1532467036191,0,0,-2,-2,0,-4,-2,0
1532467036196,-1,-1,0,-2,0,1,0,-1
1532467036201,0,0,1,0,-1,2,-2,-2
1532467036206,0,-2,-3,-2,-3,-4,-5,-2
1532467036211,-1,0,-1,0,-1,4,5,0
1532467036216,1,-2,-1,-2,-1,0,0,0
1532467036221,-3,-1,-2,-2,0,-3,-2,1
